"case_id","entropy","contrast","correlation","energy","homogeneity","variance","dissimilarity","asm","idm","sum_average","sum_entropy","difference_variance","difference_entropy","diagnosis","tissue_type","staining_method"
"SMALL_001",2.770331937105,6.22825142363531,0.13560158246213,0.331240820093603,0.464925944376132,5.81980293207991,4.67641645404322,0.109720480896283,0.464925944376132,3.22208774760574,3.04000239486812,3.61536366673134,2.23786891603784,"Malignant","Mixed","H&E"
"SMALL_002",4.02052498024833,9.75118775606338,-0.0279558621349161,0,0.145142400731907,9.57265721307827,6.86714959542145,0,0.145142400731907,4.09141714708144,4.50901995409474,5.96414815823434,3.64038744192641,"Malignant","Mixed","H&E"
"SMALL_003",3.72410380834071,8.76053473727343,-0.00795074228115145,0,0.190582243669328,8.13606091246237,6.56965668171621,0,0.190582243669328,4.67357785875325,4.10876273454794,5.82651278982868,3.36139684191034,"Benign","Mixed","H&E"
"SMALL_004",2.78307412932348,7.33693740555344,0.157875478650474,0.187186063182122,0.420062051111889,6.8513066685611,4.76514521204027,0.0350386222496213,0.420062051111889,3.83459621666366,3.35411300807485,5.06275989276523,2.29138057273455,"Benign","Mixed","H&E"
