"case_id","wholesection","biopsy1","biopsy2","biopsy3","biopsy4","spatial_id"
"Case_1",83.1844834797084,78.887481195714,88.9840707072889,77.8408094026578,81.303150066218,"Invasive"
"Case_2",84.966033063829,82.3429339979103,92.798325068363,77.1448467632408,66.4985749044597,"Central"
"Case_3",32.8911627829075,25.9320646971529,34.7216254126808,22.9020614934135,36.0635583564935,"Invasive"
"Case_4",76.435810085386,80.6559597695466,68.3112066237529,62.3936198249588,81.9758072467315,"Central"
"Case_5",61.3396415114403,56.628794760174,53.2444215837376,62.9913626329779,61.2811637345,"Peripheral"
