                                                                          filename
1   /Users/serdarbalci/Documents/GitHub/ClinicoPathJamoviModule/R/jjhistostats.b.R
2   /Users/serdarbalci/Documents/GitHub/ClinicoPathJamoviModule/R/jjhistostats.b.R
3   /Users/serdarbalci/Documents/GitHub/ClinicoPathJamoviModule/R/jjhistostats.b.R
4   /Users/serdarbalci/Documents/GitHub/ClinicoPathJamoviModule/R/jjhistostats.b.R
5   /Users/serdarbalci/Documents/GitHub/ClinicoPathJamoviModule/R/jjhistostats.b.R
6   /Users/serdarbalci/Documents/GitHub/ClinicoPathJamoviModule/R/jjhistostats.b.R
7   /Users/serdarbalci/Documents/GitHub/ClinicoPathJamoviModule/R/jjhistostats.b.R
8   /Users/serdarbalci/Documents/GitHub/ClinicoPathJamoviModule/R/jjhistostats.b.R
9   /Users/serdarbalci/Documents/GitHub/ClinicoPathJamoviModule/R/jjhistostats.b.R
10  /Users/serdarbalci/Documents/GitHub/ClinicoPathJamoviModule/R/jjhistostats.b.R
11  /Users/serdarbalci/Documents/GitHub/ClinicoPathJamoviModule/R/jjhistostats.b.R
12  /Users/serdarbalci/Documents/GitHub/ClinicoPathJamoviModule/R/jjhistostats.b.R
13  /Users/serdarbalci/Documents/GitHub/ClinicoPathJamoviModule/R/jjhistostats.b.R
14  /Users/serdarbalci/Documents/GitHub/ClinicoPathJamoviModule/R/jjhistostats.b.R
15  /Users/serdarbalci/Documents/GitHub/ClinicoPathJamoviModule/R/jjhistostats.b.R
16  /Users/serdarbalci/Documents/GitHub/ClinicoPathJamoviModule/R/jjhistostats.b.R
17  /Users/serdarbalci/Documents/GitHub/ClinicoPathJamoviModule/R/jjhistostats.b.R
18  /Users/serdarbalci/Documents/GitHub/ClinicoPathJamoviModule/R/jjhistostats.b.R
19  /Users/serdarbalci/Documents/GitHub/ClinicoPathJamoviModule/R/jjhistostats.b.R
20  /Users/serdarbalci/Documents/GitHub/ClinicoPathJamoviModule/R/jjhistostats.b.R
21  /Users/serdarbalci/Documents/GitHub/ClinicoPathJamoviModule/R/jjhistostats.b.R
22  /Users/serdarbalci/Documents/GitHub/ClinicoPathJamoviModule/R/jjhistostats.b.R
23  /Users/serdarbalci/Documents/GitHub/ClinicoPathJamoviModule/R/jjhistostats.b.R
24  /Users/serdarbalci/Documents/GitHub/ClinicoPathJamoviModule/R/jjhistostats.b.R
25  /Users/serdarbalci/Documents/GitHub/ClinicoPathJamoviModule/R/jjhistostats.b.R
26  /Users/serdarbalci/Documents/GitHub/ClinicoPathJamoviModule/R/jjhistostats.b.R
27  /Users/serdarbalci/Documents/GitHub/ClinicoPathJamoviModule/R/jjhistostats.b.R
28  /Users/serdarbalci/Documents/GitHub/ClinicoPathJamoviModule/R/jjhistostats.b.R
29  /Users/serdarbalci/Documents/GitHub/ClinicoPathJamoviModule/R/jjhistostats.b.R
30  /Users/serdarbalci/Documents/GitHub/ClinicoPathJamoviModule/R/jjhistostats.b.R
31  /Users/serdarbalci/Documents/GitHub/ClinicoPathJamoviModule/R/jjhistostats.b.R
32  /Users/serdarbalci/Documents/GitHub/ClinicoPathJamoviModule/R/jjhistostats.b.R
33  /Users/serdarbalci/Documents/GitHub/ClinicoPathJamoviModule/R/jjhistostats.b.R
34  /Users/serdarbalci/Documents/GitHub/ClinicoPathJamoviModule/R/jjhistostats.b.R
35  /Users/serdarbalci/Documents/GitHub/ClinicoPathJamoviModule/R/jjhistostats.b.R
36  /Users/serdarbalci/Documents/GitHub/ClinicoPathJamoviModule/R/jjhistostats.b.R
37  /Users/serdarbalci/Documents/GitHub/ClinicoPathJamoviModule/R/jjhistostats.b.R
38  /Users/serdarbalci/Documents/GitHub/ClinicoPathJamoviModule/R/jjhistostats.b.R
39  /Users/serdarbalci/Documents/GitHub/ClinicoPathJamoviModule/R/jjhistostats.b.R
40  /Users/serdarbalci/Documents/GitHub/ClinicoPathJamoviModule/R/jjhistostats.b.R
41  /Users/serdarbalci/Documents/GitHub/ClinicoPathJamoviModule/R/jjhistostats.b.R
42  /Users/serdarbalci/Documents/GitHub/ClinicoPathJamoviModule/R/jjhistostats.b.R
43  /Users/serdarbalci/Documents/GitHub/ClinicoPathJamoviModule/R/jjhistostats.b.R
44  /Users/serdarbalci/Documents/GitHub/ClinicoPathJamoviModule/R/jjhistostats.b.R
45  /Users/serdarbalci/Documents/GitHub/ClinicoPathJamoviModule/R/jjhistostats.b.R
46  /Users/serdarbalci/Documents/GitHub/ClinicoPathJamoviModule/R/jjhistostats.b.R
47  /Users/serdarbalci/Documents/GitHub/ClinicoPathJamoviModule/R/jjhistostats.b.R
48  /Users/serdarbalci/Documents/GitHub/ClinicoPathJamoviModule/R/jjhistostats.b.R
49  /Users/serdarbalci/Documents/GitHub/ClinicoPathJamoviModule/R/jjhistostats.b.R
50  /Users/serdarbalci/Documents/GitHub/ClinicoPathJamoviModule/R/jjhistostats.b.R
51  /Users/serdarbalci/Documents/GitHub/ClinicoPathJamoviModule/R/jjhistostats.b.R
52  /Users/serdarbalci/Documents/GitHub/ClinicoPathJamoviModule/R/jjhistostats.b.R
53  /Users/serdarbalci/Documents/GitHub/ClinicoPathJamoviModule/R/jjhistostats.b.R
54  /Users/serdarbalci/Documents/GitHub/ClinicoPathJamoviModule/R/jjhistostats.b.R
55  /Users/serdarbalci/Documents/GitHub/ClinicoPathJamoviModule/R/jjhistostats.b.R
56  /Users/serdarbalci/Documents/GitHub/ClinicoPathJamoviModule/R/jjhistostats.b.R
57  /Users/serdarbalci/Documents/GitHub/ClinicoPathJamoviModule/R/jjhistostats.b.R
58  /Users/serdarbalci/Documents/GitHub/ClinicoPathJamoviModule/R/jjhistostats.b.R
59  /Users/serdarbalci/Documents/GitHub/ClinicoPathJamoviModule/R/jjhistostats.b.R
60  /Users/serdarbalci/Documents/GitHub/ClinicoPathJamoviModule/R/jjhistostats.b.R
61  /Users/serdarbalci/Documents/GitHub/ClinicoPathJamoviModule/R/jjhistostats.b.R
62  /Users/serdarbalci/Documents/GitHub/ClinicoPathJamoviModule/R/jjhistostats.b.R
63  /Users/serdarbalci/Documents/GitHub/ClinicoPathJamoviModule/R/jjhistostats.b.R
64  /Users/serdarbalci/Documents/GitHub/ClinicoPathJamoviModule/R/jjhistostats.b.R
65  /Users/serdarbalci/Documents/GitHub/ClinicoPathJamoviModule/R/jjhistostats.b.R
66  /Users/serdarbalci/Documents/GitHub/ClinicoPathJamoviModule/R/jjhistostats.b.R
67  /Users/serdarbalci/Documents/GitHub/ClinicoPathJamoviModule/R/jjhistostats.b.R
68  /Users/serdarbalci/Documents/GitHub/ClinicoPathJamoviModule/R/jjhistostats.b.R
69  /Users/serdarbalci/Documents/GitHub/ClinicoPathJamoviModule/R/jjhistostats.b.R
70  /Users/serdarbalci/Documents/GitHub/ClinicoPathJamoviModule/R/jjhistostats.b.R
71  /Users/serdarbalci/Documents/GitHub/ClinicoPathJamoviModule/R/jjhistostats.b.R
72  /Users/serdarbalci/Documents/GitHub/ClinicoPathJamoviModule/R/jjhistostats.b.R
73  /Users/serdarbalci/Documents/GitHub/ClinicoPathJamoviModule/R/jjhistostats.b.R
74  /Users/serdarbalci/Documents/GitHub/ClinicoPathJamoviModule/R/jjhistostats.b.R
75  /Users/serdarbalci/Documents/GitHub/ClinicoPathJamoviModule/R/jjhistostats.b.R
76  /Users/serdarbalci/Documents/GitHub/ClinicoPathJamoviModule/R/jjhistostats.b.R
77  /Users/serdarbalci/Documents/GitHub/ClinicoPathJamoviModule/R/jjhistostats.b.R
78  /Users/serdarbalci/Documents/GitHub/ClinicoPathJamoviModule/R/jjhistostats.b.R
79  /Users/serdarbalci/Documents/GitHub/ClinicoPathJamoviModule/R/jjhistostats.b.R
80  /Users/serdarbalci/Documents/GitHub/ClinicoPathJamoviModule/R/jjhistostats.b.R
81  /Users/serdarbalci/Documents/GitHub/ClinicoPathJamoviModule/R/jjhistostats.b.R
82  /Users/serdarbalci/Documents/GitHub/ClinicoPathJamoviModule/R/jjhistostats.b.R
83  /Users/serdarbalci/Documents/GitHub/ClinicoPathJamoviModule/R/jjhistostats.b.R
84  /Users/serdarbalci/Documents/GitHub/ClinicoPathJamoviModule/R/jjhistostats.b.R
85  /Users/serdarbalci/Documents/GitHub/ClinicoPathJamoviModule/R/jjhistostats.b.R
86  /Users/serdarbalci/Documents/GitHub/ClinicoPathJamoviModule/R/jjhistostats.b.R
87  /Users/serdarbalci/Documents/GitHub/ClinicoPathJamoviModule/R/jjhistostats.b.R
88  /Users/serdarbalci/Documents/GitHub/ClinicoPathJamoviModule/R/jjhistostats.b.R
89  /Users/serdarbalci/Documents/GitHub/ClinicoPathJamoviModule/R/jjhistostats.b.R
90  /Users/serdarbalci/Documents/GitHub/ClinicoPathJamoviModule/R/jjhistostats.b.R
91  /Users/serdarbalci/Documents/GitHub/ClinicoPathJamoviModule/R/jjhistostats.b.R
92  /Users/serdarbalci/Documents/GitHub/ClinicoPathJamoviModule/R/jjhistostats.b.R
93  /Users/serdarbalci/Documents/GitHub/ClinicoPathJamoviModule/R/jjhistostats.b.R
94  /Users/serdarbalci/Documents/GitHub/ClinicoPathJamoviModule/R/jjhistostats.b.R
95  /Users/serdarbalci/Documents/GitHub/ClinicoPathJamoviModule/R/jjhistostats.b.R
96  /Users/serdarbalci/Documents/GitHub/ClinicoPathJamoviModule/R/jjhistostats.b.R
97  /Users/serdarbalci/Documents/GitHub/ClinicoPathJamoviModule/R/jjhistostats.b.R
98  /Users/serdarbalci/Documents/GitHub/ClinicoPathJamoviModule/R/jjhistostats.b.R
99  /Users/serdarbalci/Documents/GitHub/ClinicoPathJamoviModule/R/jjhistostats.b.R
100 /Users/serdarbalci/Documents/GitHub/ClinicoPathJamoviModule/R/jjhistostats.b.R
101 /Users/serdarbalci/Documents/GitHub/ClinicoPathJamoviModule/R/jjhistostats.b.R
    line_number                  linter
1            86 implicit_integer_linter
2            87 implicit_integer_linter
3            91 implicit_integer_linter
4           104 implicit_integer_linter
5           106 implicit_integer_linter
6           125 implicit_integer_linter
7           207 implicit_integer_linter
8           278 implicit_integer_linter
9           305 implicit_integer_linter
10          310 implicit_integer_linter
11          316 implicit_integer_linter
12          328 implicit_integer_linter
13          331 implicit_integer_linter
14          351 implicit_integer_linter
15          361 implicit_integer_linter
16          362 implicit_integer_linter
17          368 implicit_integer_linter
18          370 implicit_integer_linter
19          377 implicit_integer_linter
20          378 implicit_integer_linter
21          378 implicit_integer_linter
22          406 implicit_integer_linter
23          409 implicit_integer_linter
24          416 implicit_integer_linter
25          417 implicit_integer_linter
26          417 implicit_integer_linter
27          463 implicit_integer_linter
28          472 implicit_integer_linter
29          475 implicit_integer_linter
30          483 implicit_integer_linter
31          491 implicit_integer_linter
32          494 implicit_integer_linter
33          495 implicit_integer_linter
34          496 implicit_integer_linter
35          508 implicit_integer_linter
36          511 implicit_integer_linter
37          517 implicit_integer_linter
38          517 implicit_integer_linter
39          530 implicit_integer_linter
40          531 implicit_integer_linter
41          552 implicit_integer_linter
42          555 implicit_integer_linter
43          562 implicit_integer_linter
44          579 implicit_integer_linter
45          584 implicit_integer_linter
46          602 implicit_integer_linter
47          628 implicit_integer_linter
48          631 implicit_integer_linter
49          649 implicit_integer_linter
50          650 implicit_integer_linter
51          651 implicit_integer_linter
52          653 implicit_integer_linter
53          663 implicit_integer_linter
54          663 implicit_integer_linter
55          663 implicit_integer_linter
56          667 implicit_integer_linter
57          669 implicit_integer_linter
58          677 implicit_integer_linter
59          678 implicit_integer_linter
60          679 implicit_integer_linter
61          686 implicit_integer_linter
62          690 implicit_integer_linter
63          693 implicit_integer_linter
64          713 implicit_integer_linter
65          716 implicit_integer_linter
66          722 implicit_integer_linter
67          735 implicit_integer_linter
68          852 implicit_integer_linter
69          923 implicit_integer_linter
70          958 implicit_integer_linter
71          982 implicit_integer_linter
72          992 implicit_integer_linter
73         1018 implicit_integer_linter
74         1019 implicit_integer_linter
75         1045 implicit_integer_linter
76         1074 implicit_integer_linter
77         1085 implicit_integer_linter
78         1112 implicit_integer_linter
79         1113 implicit_integer_linter
80         1141 implicit_integer_linter
81         1159 implicit_integer_linter
82         1169 implicit_integer_linter
83         1188 implicit_integer_linter
84         1195 implicit_integer_linter
85         1218 implicit_integer_linter
86         1234 implicit_integer_linter
87         1242 implicit_integer_linter
88         1262 implicit_integer_linter
89         1269 implicit_integer_linter
90         1292 implicit_integer_linter
91         1295 implicit_integer_linter
92         1299 implicit_integer_linter
93         1321 implicit_integer_linter
94         1324 implicit_integer_linter
95         1328 implicit_integer_linter
96         1350 implicit_integer_linter
97         1353 implicit_integer_linter
98         1357 implicit_integer_linter
99         1370 implicit_integer_linter
100        1387 implicit_integer_linter
101        1393 implicit_integer_linter
                                            message
1     Use 600L or 600.0 to avoid implicit integers.
2     Use 450L or 450.0 to avoid implicit integers.
3         Use 1L or 1.0 to avoid implicit integers.
4         Use 1L or 1.0 to avoid implicit integers.
5   Use 1200L or 1200.0 to avoid implicit integers.
6         Use 1L or 1.0 to avoid implicit integers.
7         Use 0L or 0.0 to avoid implicit integers.
8         Use 1L or 1.0 to avoid implicit integers.
9         Use 0L or 0.0 to avoid implicit integers.
10        Use 0L or 0.0 to avoid implicit integers.
11        Use 0L or 0.0 to avoid implicit integers.
12        Use 3L or 3.0 to avoid implicit integers.
13        Use 1L or 1.0 to avoid implicit integers.
14        Use 0L or 0.0 to avoid implicit integers.
15        Use 0L or 0.0 to avoid implicit integers.
16  Use 5000L or 5000.0 to avoid implicit integers.
17        Use 2L or 2.0 to avoid implicit integers.
18        Use 0L or 0.0 to avoid implicit integers.
19        Use 4L or 4.0 to avoid implicit integers.
20      Use 30L or 30.0 to avoid implicit integers.
21        Use 3L or 3.0 to avoid implicit integers.
22        Use 0L or 0.0 to avoid implicit integers.
23        Use 0L or 0.0 to avoid implicit integers.
24        Use 0L or 0.0 to avoid implicit integers.
25        Use 0L or 0.0 to avoid implicit integers.
26        Use 0L or 0.0 to avoid implicit integers.
27        Use 0L or 0.0 to avoid implicit integers.
28        Use 3L or 3.0 to avoid implicit integers.
29        Use 1L or 1.0 to avoid implicit integers.
30      Use 30L or 30.0 to avoid implicit integers.
31        Use 5L or 5.0 to avoid implicit integers.
32        Use 0L or 0.0 to avoid implicit integers.
33        Use 3L or 3.0 to avoid implicit integers.
34        Use 0L or 0.0 to avoid implicit integers.
35        Use 1L or 1.0 to avoid implicit integers.
36        Use 1L or 1.0 to avoid implicit integers.
37        Use 5L or 5.0 to avoid implicit integers.
38      Use 10L or 10.0 to avoid implicit integers.
39      Use 10L or 10.0 to avoid implicit integers.
40      Use 10L or 10.0 to avoid implicit integers.
41        Use 1L or 1.0 to avoid implicit integers.
42        Use 1L or 1.0 to avoid implicit integers.
43        Use 1L or 1.0 to avoid implicit integers.
44  Use 1000L or 1000.0 to avoid implicit integers.
45    Use 500L or 500.0 to avoid implicit integers.
46  Use 5000L or 5000.0 to avoid implicit integers.
47        Use 2L or 2.0 to avoid implicit integers.
48        Use 0L or 0.0 to avoid implicit integers.
49        Use 0L or 0.0 to avoid implicit integers.
50        Use 2L or 2.0 to avoid implicit integers.
51        Use 3L or 3.0 to avoid implicit integers.
52        Use 0L or 0.0 to avoid implicit integers.
53        Use 3L or 3.0 to avoid implicit integers.
54  Use 5000L or 5000.0 to avoid implicit integers.
55        Use 0L or 0.0 to avoid implicit integers.
56        Use 1L or 1.0 to avoid implicit integers.
57      Use 30L or 30.0 to avoid implicit integers.
58        Use 2L or 2.0 to avoid implicit integers.
59        Use 2L or 2.0 to avoid implicit integers.
60        Use 2L or 2.0 to avoid implicit integers.
61        Use 0L or 0.0 to avoid implicit integers.
62        Use 0L or 0.0 to avoid implicit integers.
63        Use 0L or 0.0 to avoid implicit integers.
64        Use 3L or 3.0 to avoid implicit integers.
65        Use 0L or 0.0 to avoid implicit integers.
66        Use 0L or 0.0 to avoid implicit integers.
67        Use 0L or 0.0 to avoid implicit integers.
68        Use 0L or 0.0 to avoid implicit integers.
69        Use 0L or 0.0 to avoid implicit integers.
70        Use 0L or 0.0 to avoid implicit integers.
71        Use 1L or 1.0 to avoid implicit integers.
72        Use 1L or 1.0 to avoid implicit integers.
73        Use 1L or 1.0 to avoid implicit integers.
74        Use 1L or 1.0 to avoid implicit integers.
75        Use 0L or 0.0 to avoid implicit integers.
76        Use 1L or 1.0 to avoid implicit integers.
77        Use 1L or 1.0 to avoid implicit integers.
78        Use 1L or 1.0 to avoid implicit integers.
79        Use 1L or 1.0 to avoid implicit integers.
80        Use 1L or 1.0 to avoid implicit integers.
81        Use 1L or 1.0 to avoid implicit integers.
82        Use 1L or 1.0 to avoid implicit integers.
83        Use 1L or 1.0 to avoid implicit integers.
84        Use 1L or 1.0 to avoid implicit integers.
85        Use 1L or 1.0 to avoid implicit integers.
86        Use 1L or 1.0 to avoid implicit integers.
87        Use 1L or 1.0 to avoid implicit integers.
88        Use 1L or 1.0 to avoid implicit integers.
89        Use 1L or 1.0 to avoid implicit integers.
90        Use 1L or 1.0 to avoid implicit integers.
91        Use 1L or 1.0 to avoid implicit integers.
92        Use 1L or 1.0 to avoid implicit integers.
93        Use 1L or 1.0 to avoid implicit integers.
94        Use 1L or 1.0 to avoid implicit integers.
95        Use 1L or 1.0 to avoid implicit integers.
96        Use 1L or 1.0 to avoid implicit integers.
97        Use 1L or 1.0 to avoid implicit integers.
98        Use 1L or 1.0 to avoid implicit integers.
99        Use 0L or 0.0 to avoid implicit integers.
100       Use 0L or 0.0 to avoid implicit integers.
101       Use 0L or 0.0 to avoid implicit integers.
                                                                      filename
1   /Users/serdarbalci/Documents/GitHub/ClinicoPathJamoviModule/R/jjridges.b.R
2   /Users/serdarbalci/Documents/GitHub/ClinicoPathJamoviModule/R/jjridges.b.R
3   /Users/serdarbalci/Documents/GitHub/ClinicoPathJamoviModule/R/jjridges.b.R
4   /Users/serdarbalci/Documents/GitHub/ClinicoPathJamoviModule/R/jjridges.b.R
5   /Users/serdarbalci/Documents/GitHub/ClinicoPathJamoviModule/R/jjridges.b.R
6   /Users/serdarbalci/Documents/GitHub/ClinicoPathJamoviModule/R/jjridges.b.R
7   /Users/serdarbalci/Documents/GitHub/ClinicoPathJamoviModule/R/jjridges.b.R
8   /Users/serdarbalci/Documents/GitHub/ClinicoPathJamoviModule/R/jjridges.b.R
9   /Users/serdarbalci/Documents/GitHub/ClinicoPathJamoviModule/R/jjridges.b.R
10  /Users/serdarbalci/Documents/GitHub/ClinicoPathJamoviModule/R/jjridges.b.R
11  /Users/serdarbalci/Documents/GitHub/ClinicoPathJamoviModule/R/jjridges.b.R
12  /Users/serdarbalci/Documents/GitHub/ClinicoPathJamoviModule/R/jjridges.b.R
13  /Users/serdarbalci/Documents/GitHub/ClinicoPathJamoviModule/R/jjridges.b.R
14  /Users/serdarbalci/Documents/GitHub/ClinicoPathJamoviModule/R/jjridges.b.R
15  /Users/serdarbalci/Documents/GitHub/ClinicoPathJamoviModule/R/jjridges.b.R
16  /Users/serdarbalci/Documents/GitHub/ClinicoPathJamoviModule/R/jjridges.b.R
17  /Users/serdarbalci/Documents/GitHub/ClinicoPathJamoviModule/R/jjridges.b.R
18  /Users/serdarbalci/Documents/GitHub/ClinicoPathJamoviModule/R/jjridges.b.R
19  /Users/serdarbalci/Documents/GitHub/ClinicoPathJamoviModule/R/jjridges.b.R
20  /Users/serdarbalci/Documents/GitHub/ClinicoPathJamoviModule/R/jjridges.b.R
21  /Users/serdarbalci/Documents/GitHub/ClinicoPathJamoviModule/R/jjridges.b.R
22  /Users/serdarbalci/Documents/GitHub/ClinicoPathJamoviModule/R/jjridges.b.R
23  /Users/serdarbalci/Documents/GitHub/ClinicoPathJamoviModule/R/jjridges.b.R
24  /Users/serdarbalci/Documents/GitHub/ClinicoPathJamoviModule/R/jjridges.b.R
25  /Users/serdarbalci/Documents/GitHub/ClinicoPathJamoviModule/R/jjridges.b.R
26  /Users/serdarbalci/Documents/GitHub/ClinicoPathJamoviModule/R/jjridges.b.R
27  /Users/serdarbalci/Documents/GitHub/ClinicoPathJamoviModule/R/jjridges.b.R
28  /Users/serdarbalci/Documents/GitHub/ClinicoPathJamoviModule/R/jjridges.b.R
29  /Users/serdarbalci/Documents/GitHub/ClinicoPathJamoviModule/R/jjridges.b.R
30  /Users/serdarbalci/Documents/GitHub/ClinicoPathJamoviModule/R/jjridges.b.R
31  /Users/serdarbalci/Documents/GitHub/ClinicoPathJamoviModule/R/jjridges.b.R
32  /Users/serdarbalci/Documents/GitHub/ClinicoPathJamoviModule/R/jjridges.b.R
33  /Users/serdarbalci/Documents/GitHub/ClinicoPathJamoviModule/R/jjridges.b.R
34  /Users/serdarbalci/Documents/GitHub/ClinicoPathJamoviModule/R/jjridges.b.R
35  /Users/serdarbalci/Documents/GitHub/ClinicoPathJamoviModule/R/jjridges.b.R
36  /Users/serdarbalci/Documents/GitHub/ClinicoPathJamoviModule/R/jjridges.b.R
37  /Users/serdarbalci/Documents/GitHub/ClinicoPathJamoviModule/R/jjridges.b.R
38  /Users/serdarbalci/Documents/GitHub/ClinicoPathJamoviModule/R/jjridges.b.R
39  /Users/serdarbalci/Documents/GitHub/ClinicoPathJamoviModule/R/jjridges.b.R
40  /Users/serdarbalci/Documents/GitHub/ClinicoPathJamoviModule/R/jjridges.b.R
41  /Users/serdarbalci/Documents/GitHub/ClinicoPathJamoviModule/R/jjridges.b.R
42  /Users/serdarbalci/Documents/GitHub/ClinicoPathJamoviModule/R/jjridges.b.R
43  /Users/serdarbalci/Documents/GitHub/ClinicoPathJamoviModule/R/jjridges.b.R
44  /Users/serdarbalci/Documents/GitHub/ClinicoPathJamoviModule/R/jjridges.b.R
45  /Users/serdarbalci/Documents/GitHub/ClinicoPathJamoviModule/R/jjridges.b.R
46  /Users/serdarbalci/Documents/GitHub/ClinicoPathJamoviModule/R/jjridges.b.R
47  /Users/serdarbalci/Documents/GitHub/ClinicoPathJamoviModule/R/jjridges.b.R
48  /Users/serdarbalci/Documents/GitHub/ClinicoPathJamoviModule/R/jjridges.b.R
49  /Users/serdarbalci/Documents/GitHub/ClinicoPathJamoviModule/R/jjridges.b.R
50  /Users/serdarbalci/Documents/GitHub/ClinicoPathJamoviModule/R/jjridges.b.R
51  /Users/serdarbalci/Documents/GitHub/ClinicoPathJamoviModule/R/jjridges.b.R
52  /Users/serdarbalci/Documents/GitHub/ClinicoPathJamoviModule/R/jjridges.b.R
53  /Users/serdarbalci/Documents/GitHub/ClinicoPathJamoviModule/R/jjridges.b.R
54  /Users/serdarbalci/Documents/GitHub/ClinicoPathJamoviModule/R/jjridges.b.R
55  /Users/serdarbalci/Documents/GitHub/ClinicoPathJamoviModule/R/jjridges.b.R
56  /Users/serdarbalci/Documents/GitHub/ClinicoPathJamoviModule/R/jjridges.b.R
57  /Users/serdarbalci/Documents/GitHub/ClinicoPathJamoviModule/R/jjridges.b.R
58  /Users/serdarbalci/Documents/GitHub/ClinicoPathJamoviModule/R/jjridges.b.R
59  /Users/serdarbalci/Documents/GitHub/ClinicoPathJamoviModule/R/jjridges.b.R
60  /Users/serdarbalci/Documents/GitHub/ClinicoPathJamoviModule/R/jjridges.b.R
61  /Users/serdarbalci/Documents/GitHub/ClinicoPathJamoviModule/R/jjridges.b.R
62  /Users/serdarbalci/Documents/GitHub/ClinicoPathJamoviModule/R/jjridges.b.R
63  /Users/serdarbalci/Documents/GitHub/ClinicoPathJamoviModule/R/jjridges.b.R
64  /Users/serdarbalci/Documents/GitHub/ClinicoPathJamoviModule/R/jjridges.b.R
65  /Users/serdarbalci/Documents/GitHub/ClinicoPathJamoviModule/R/jjridges.b.R
66  /Users/serdarbalci/Documents/GitHub/ClinicoPathJamoviModule/R/jjridges.b.R
67  /Users/serdarbalci/Documents/GitHub/ClinicoPathJamoviModule/R/jjridges.b.R
68  /Users/serdarbalci/Documents/GitHub/ClinicoPathJamoviModule/R/jjridges.b.R
69  /Users/serdarbalci/Documents/GitHub/ClinicoPathJamoviModule/R/jjridges.b.R
70  /Users/serdarbalci/Documents/GitHub/ClinicoPathJamoviModule/R/jjridges.b.R
71  /Users/serdarbalci/Documents/GitHub/ClinicoPathJamoviModule/R/jjridges.b.R
72  /Users/serdarbalci/Documents/GitHub/ClinicoPathJamoviModule/R/jjridges.b.R
73  /Users/serdarbalci/Documents/GitHub/ClinicoPathJamoviModule/R/jjridges.b.R
74  /Users/serdarbalci/Documents/GitHub/ClinicoPathJamoviModule/R/jjridges.b.R
75  /Users/serdarbalci/Documents/GitHub/ClinicoPathJamoviModule/R/jjridges.b.R
76  /Users/serdarbalci/Documents/GitHub/ClinicoPathJamoviModule/R/jjridges.b.R
77  /Users/serdarbalci/Documents/GitHub/ClinicoPathJamoviModule/R/jjridges.b.R
78  /Users/serdarbalci/Documents/GitHub/ClinicoPathJamoviModule/R/jjridges.b.R
79  /Users/serdarbalci/Documents/GitHub/ClinicoPathJamoviModule/R/jjridges.b.R
80  /Users/serdarbalci/Documents/GitHub/ClinicoPathJamoviModule/R/jjridges.b.R
81  /Users/serdarbalci/Documents/GitHub/ClinicoPathJamoviModule/R/jjridges.b.R
82  /Users/serdarbalci/Documents/GitHub/ClinicoPathJamoviModule/R/jjridges.b.R
83  /Users/serdarbalci/Documents/GitHub/ClinicoPathJamoviModule/R/jjridges.b.R
84  /Users/serdarbalci/Documents/GitHub/ClinicoPathJamoviModule/R/jjridges.b.R
85  /Users/serdarbalci/Documents/GitHub/ClinicoPathJamoviModule/R/jjridges.b.R
86  /Users/serdarbalci/Documents/GitHub/ClinicoPathJamoviModule/R/jjridges.b.R
87  /Users/serdarbalci/Documents/GitHub/ClinicoPathJamoviModule/R/jjridges.b.R
88  /Users/serdarbalci/Documents/GitHub/ClinicoPathJamoviModule/R/jjridges.b.R
89  /Users/serdarbalci/Documents/GitHub/ClinicoPathJamoviModule/R/jjridges.b.R
90  /Users/serdarbalci/Documents/GitHub/ClinicoPathJamoviModule/R/jjridges.b.R
91  /Users/serdarbalci/Documents/GitHub/ClinicoPathJamoviModule/R/jjridges.b.R
92  /Users/serdarbalci/Documents/GitHub/ClinicoPathJamoviModule/R/jjridges.b.R
93  /Users/serdarbalci/Documents/GitHub/ClinicoPathJamoviModule/R/jjridges.b.R
94  /Users/serdarbalci/Documents/GitHub/ClinicoPathJamoviModule/R/jjridges.b.R
95  /Users/serdarbalci/Documents/GitHub/ClinicoPathJamoviModule/R/jjridges.b.R
96  /Users/serdarbalci/Documents/GitHub/ClinicoPathJamoviModule/R/jjridges.b.R
97  /Users/serdarbalci/Documents/GitHub/ClinicoPathJamoviModule/R/jjridges.b.R
98  /Users/serdarbalci/Documents/GitHub/ClinicoPathJamoviModule/R/jjridges.b.R
99  /Users/serdarbalci/Documents/GitHub/ClinicoPathJamoviModule/R/jjridges.b.R
100 /Users/serdarbalci/Documents/GitHub/ClinicoPathJamoviModule/R/jjridges.b.R
101 /Users/serdarbalci/Documents/GitHub/ClinicoPathJamoviModule/R/jjridges.b.R
102 /Users/serdarbalci/Documents/GitHub/ClinicoPathJamoviModule/R/jjridges.b.R
103 /Users/serdarbalci/Documents/GitHub/ClinicoPathJamoviModule/R/jjridges.b.R
104 /Users/serdarbalci/Documents/GitHub/ClinicoPathJamoviModule/R/jjridges.b.R
105 /Users/serdarbalci/Documents/GitHub/ClinicoPathJamoviModule/R/jjridges.b.R
106 /Users/serdarbalci/Documents/GitHub/ClinicoPathJamoviModule/R/jjridges.b.R
107 /Users/serdarbalci/Documents/GitHub/ClinicoPathJamoviModule/R/jjridges.b.R
108 /Users/serdarbalci/Documents/GitHub/ClinicoPathJamoviModule/R/jjridges.b.R
109 /Users/serdarbalci/Documents/GitHub/ClinicoPathJamoviModule/R/jjridges.b.R
110 /Users/serdarbalci/Documents/GitHub/ClinicoPathJamoviModule/R/jjridges.b.R
111 /Users/serdarbalci/Documents/GitHub/ClinicoPathJamoviModule/R/jjridges.b.R
112 /Users/serdarbalci/Documents/GitHub/ClinicoPathJamoviModule/R/jjridges.b.R
113 /Users/serdarbalci/Documents/GitHub/ClinicoPathJamoviModule/R/jjridges.b.R
114 /Users/serdarbalci/Documents/GitHub/ClinicoPathJamoviModule/R/jjridges.b.R
115 /Users/serdarbalci/Documents/GitHub/ClinicoPathJamoviModule/R/jjridges.b.R
116 /Users/serdarbalci/Documents/GitHub/ClinicoPathJamoviModule/R/jjridges.b.R
117 /Users/serdarbalci/Documents/GitHub/ClinicoPathJamoviModule/R/jjridges.b.R
118 /Users/serdarbalci/Documents/GitHub/ClinicoPathJamoviModule/R/jjridges.b.R
119 /Users/serdarbalci/Documents/GitHub/ClinicoPathJamoviModule/R/jjridges.b.R
120 /Users/serdarbalci/Documents/GitHub/ClinicoPathJamoviModule/R/jjridges.b.R
121 /Users/serdarbalci/Documents/GitHub/ClinicoPathJamoviModule/R/jjridges.b.R
122 /Users/serdarbalci/Documents/GitHub/ClinicoPathJamoviModule/R/jjridges.b.R
123 /Users/serdarbalci/Documents/GitHub/ClinicoPathJamoviModule/R/jjridges.b.R
124 /Users/serdarbalci/Documents/GitHub/ClinicoPathJamoviModule/R/jjridges.b.R
125 /Users/serdarbalci/Documents/GitHub/ClinicoPathJamoviModule/R/jjridges.b.R
126 /Users/serdarbalci/Documents/GitHub/ClinicoPathJamoviModule/R/jjridges.b.R
127 /Users/serdarbalci/Documents/GitHub/ClinicoPathJamoviModule/R/jjridges.b.R
128 /Users/serdarbalci/Documents/GitHub/ClinicoPathJamoviModule/R/jjridges.b.R
129 /Users/serdarbalci/Documents/GitHub/ClinicoPathJamoviModule/R/jjridges.b.R
130 /Users/serdarbalci/Documents/GitHub/ClinicoPathJamoviModule/R/jjridges.b.R
131 /Users/serdarbalci/Documents/GitHub/ClinicoPathJamoviModule/R/jjridges.b.R
132 /Users/serdarbalci/Documents/GitHub/ClinicoPathJamoviModule/R/jjridges.b.R
133 /Users/serdarbalci/Documents/GitHub/ClinicoPathJamoviModule/R/jjridges.b.R
134 /Users/serdarbalci/Documents/GitHub/ClinicoPathJamoviModule/R/jjridges.b.R
135 /Users/serdarbalci/Documents/GitHub/ClinicoPathJamoviModule/R/jjridges.b.R
136 /Users/serdarbalci/Documents/GitHub/ClinicoPathJamoviModule/R/jjridges.b.R
137 /Users/serdarbalci/Documents/GitHub/ClinicoPathJamoviModule/R/jjridges.b.R
138 /Users/serdarbalci/Documents/GitHub/ClinicoPathJamoviModule/R/jjridges.b.R
139 /Users/serdarbalci/Documents/GitHub/ClinicoPathJamoviModule/R/jjridges.b.R
140 /Users/serdarbalci/Documents/GitHub/ClinicoPathJamoviModule/R/jjridges.b.R
141 /Users/serdarbalci/Documents/GitHub/ClinicoPathJamoviModule/R/jjridges.b.R
142 /Users/serdarbalci/Documents/GitHub/ClinicoPathJamoviModule/R/jjridges.b.R
    line_number                  linter
1            30 implicit_integer_linter
2            31 implicit_integer_linter
3            48 implicit_integer_linter
4            51 implicit_integer_linter
5            56 implicit_integer_linter
6            59 implicit_integer_linter
7            69 implicit_integer_linter
8            83 implicit_integer_linter
9           197 implicit_integer_linter
10          204 implicit_integer_linter
11          209 implicit_integer_linter
12          227 implicit_integer_linter
13          250 implicit_integer_linter
14          262 implicit_integer_linter
15          269 implicit_integer_linter
16          276 implicit_integer_linter
17          278 implicit_integer_linter
18          282 implicit_integer_linter
19          282 implicit_integer_linter
20          287 implicit_integer_linter
21          293 implicit_integer_linter
22          296 implicit_integer_linter
23          297 implicit_integer_linter
24          299 implicit_integer_linter
25          302 implicit_integer_linter
26          307 implicit_integer_linter
27          318 implicit_integer_linter
28          326 implicit_integer_linter
29          326 implicit_integer_linter
30          331 implicit_integer_linter
31          435 implicit_integer_linter
32          454 implicit_integer_linter
33          456 implicit_integer_linter
34          458 implicit_integer_linter
35          462 implicit_integer_linter
36          462 implicit_integer_linter
37          469 implicit_integer_linter
38          775 implicit_integer_linter
39          780 implicit_integer_linter
40          840 implicit_integer_linter
41          866 implicit_integer_linter
42          963 implicit_integer_linter
43          966 implicit_integer_linter
44         1013 implicit_integer_linter
45         1017 implicit_integer_linter
46         1019 implicit_integer_linter
47         1066 implicit_integer_linter
48         1160 implicit_integer_linter
49         1176 implicit_integer_linter
50         1191 implicit_integer_linter
51         1204 implicit_integer_linter
52         1217 implicit_integer_linter
53         1219 implicit_integer_linter
54         1220 implicit_integer_linter
55         1222 implicit_integer_linter
56         1223 implicit_integer_linter
57         1229 implicit_integer_linter
58         1409 implicit_integer_linter
59         1433 implicit_integer_linter
60         1435 implicit_integer_linter
61         1438 implicit_integer_linter
62         1468 implicit_integer_linter
63         1475 implicit_integer_linter
64         1539 implicit_integer_linter
65         1539 implicit_integer_linter
66         1539 implicit_integer_linter
67         1539 implicit_integer_linter
68         1540 implicit_integer_linter
69         1633 implicit_integer_linter
70         1633 implicit_integer_linter
71         1663 implicit_integer_linter
72         1663 implicit_integer_linter
73         1664 implicit_integer_linter
74         1686 implicit_integer_linter
75         1686 implicit_integer_linter
76         1689 implicit_integer_linter
77         1692 implicit_integer_linter
78         1692 implicit_integer_linter
79         1695 implicit_integer_linter
80         1706 implicit_integer_linter
81         1706 implicit_integer_linter
82         1716 implicit_integer_linter
83         1716 implicit_integer_linter
84         1728 implicit_integer_linter
85         1744 implicit_integer_linter
86         1745 implicit_integer_linter
87         1751 implicit_integer_linter
88         1752 implicit_integer_linter
89         1760 implicit_integer_linter
90         1761 implicit_integer_linter
91         1775 implicit_integer_linter
92         1776 implicit_integer_linter
93         1783 implicit_integer_linter
94         1784 implicit_integer_linter
95         1874 implicit_integer_linter
96         1874 implicit_integer_linter
97         1972 implicit_integer_linter
98         1973 implicit_integer_linter
99         1973 implicit_integer_linter
100        1979 implicit_integer_linter
101        1980 implicit_integer_linter
102        1992 implicit_integer_linter
103        1993 implicit_integer_linter
104        2038 implicit_integer_linter
105        2038 implicit_integer_linter
106        2060 implicit_integer_linter
107        2084 implicit_integer_linter
108        2124 implicit_integer_linter
109        2125 implicit_integer_linter
110        2126 implicit_integer_linter
111        2137 implicit_integer_linter
112        2150 implicit_integer_linter
113        2163 implicit_integer_linter
114        2190 implicit_integer_linter
115        2191 implicit_integer_linter
116        2195 implicit_integer_linter
117        2196 implicit_integer_linter
118        2220 implicit_integer_linter
119        2221 implicit_integer_linter
120        2227 implicit_integer_linter
121        2228 implicit_integer_linter
122        2251 implicit_integer_linter
123        2260 implicit_integer_linter
124        2270 implicit_integer_linter
125        2277 implicit_integer_linter
126        2286 implicit_integer_linter
127        2292 implicit_integer_linter
128        2307 implicit_integer_linter
129        2318 implicit_integer_linter
130        2318 implicit_integer_linter
131        2390 implicit_integer_linter
132        2392 implicit_integer_linter
133        2417 implicit_integer_linter
134        2417 implicit_integer_linter
135        2419 implicit_integer_linter
136        2420 implicit_integer_linter
137        2424 implicit_integer_linter
138        2425 implicit_integer_linter
139        2438 implicit_integer_linter
140        2438 implicit_integer_linter
141        2470 implicit_integer_linter
142        2476 implicit_integer_linter
                                            message
1       Use 10L or 10.0 to avoid implicit integers.
2         Use 3L or 3.0 to avoid implicit integers.
3         Use 0L or 0.0 to avoid implicit integers.
4         Use 0L or 0.0 to avoid implicit integers.
5         Use 0L or 0.0 to avoid implicit integers.
6         Use 1L or 1.0 to avoid implicit integers.
7         Use 0L or 0.0 to avoid implicit integers.
8         Use 1L or 1.0 to avoid implicit integers.
9     Use 900L or 900.0 to avoid implicit integers.
10    Use 650L or 650.0 to avoid implicit integers.
11    Use 700L or 700.0 to avoid implicit integers.
12        Use 0L or 0.0 to avoid implicit integers.
13        Use 3L or 3.0 to avoid implicit integers.
14        Use 2L or 2.0 to avoid implicit integers.
15        Use 0L or 0.0 to avoid implicit integers.
16        Use 0L or 0.0 to avoid implicit integers.
17        Use 3L or 3.0 to avoid implicit integers.
18    Use 100L or 100.0 to avoid implicit integers.
19        Use 1L or 1.0 to avoid implicit integers.
20      Use 10L or 10.0 to avoid implicit integers.
21        Use 0L or 0.0 to avoid implicit integers.
22        Use 0L or 0.0 to avoid implicit integers.
23        Use 3L or 3.0 to avoid implicit integers.
24        Use 0L or 0.0 to avoid implicit integers.
25        Use 0L or 0.0 to avoid implicit integers.
26        Use 2L or 2.0 to avoid implicit integers.
27        Use 1L or 1.0 to avoid implicit integers.
28        Use 0L or 0.0 to avoid implicit integers.
29        Use 1L or 1.0 to avoid implicit integers.
30        Use 0L or 0.0 to avoid implicit integers.
31        Use 0L or 0.0 to avoid implicit integers.
32        Use 0L or 0.0 to avoid implicit integers.
33        Use 0L or 0.0 to avoid implicit integers.
34        Use 0L or 0.0 to avoid implicit integers.
35        Use 1L or 1.0 to avoid implicit integers.
36        Use 1L or 1.0 to avoid implicit integers.
37        Use 1L or 1.0 to avoid implicit integers.
38        Use 0L or 0.0 to avoid implicit integers.
39        Use 1L or 1.0 to avoid implicit integers.
40        Use 0L or 0.0 to avoid implicit integers.
41        Use 0L or 0.0 to avoid implicit integers.
42        Use 0L or 0.0 to avoid implicit integers.
43        Use 1L or 1.0 to avoid implicit integers.
44        Use 0L or 0.0 to avoid implicit integers.
45        Use 1L or 1.0 to avoid implicit integers.
46        Use 1L or 1.0 to avoid implicit integers.
47        Use 0L or 0.0 to avoid implicit integers.
48        Use 3L or 3.0 to avoid implicit integers.
49        Use 2L or 2.0 to avoid implicit integers.
50        Use 2L or 2.0 to avoid implicit integers.
51        Use 1L or 1.0 to avoid implicit integers.
52        Use 1L or 1.0 to avoid implicit integers.
53        Use 1L or 1.0 to avoid implicit integers.
54        Use 3L or 3.0 to avoid implicit integers.
55        Use 1L or 1.0 to avoid implicit integers.
56        Use 2L or 2.0 to avoid implicit integers.
57        Use 3L or 3.0 to avoid implicit integers.
58        Use 1L or 1.0 to avoid implicit integers.
59        Use 0L or 0.0 to avoid implicit integers.
60        Use 1L or 1.0 to avoid implicit integers.
61        Use 1L or 1.0 to avoid implicit integers.
62        Use 0L or 0.0 to avoid implicit integers.
63        Use 1L or 1.0 to avoid implicit integers.
64        Use 0L or 0.0 to avoid implicit integers.
65        Use 0L or 0.0 to avoid implicit integers.
66        Use 0L or 0.0 to avoid implicit integers.
67        Use 0L or 0.0 to avoid implicit integers.
68        Use 0L or 0.0 to avoid implicit integers.
69        Use 2L or 2.0 to avoid implicit integers.
70        Use 2L or 2.0 to avoid implicit integers.
71        Use 0L or 0.0 to avoid implicit integers.
72        Use 0L or 0.0 to avoid implicit integers.
73        Use 1L or 1.0 to avoid implicit integers.
74        Use 3L or 3.0 to avoid implicit integers.
75    Use 500L or 500.0 to avoid implicit integers.
76        Use 3L or 3.0 to avoid implicit integers.
77        Use 3L or 3.0 to avoid implicit integers.
78    Use 500L or 500.0 to avoid implicit integers.
79        Use 3L or 3.0 to avoid implicit integers.
80        Use 1L or 1.0 to avoid implicit integers.
81        Use 1L or 1.0 to avoid implicit integers.
82        Use 1L or 1.0 to avoid implicit integers.
83        Use 3L or 3.0 to avoid implicit integers.
84        Use 0L or 0.0 to avoid implicit integers.
85        Use 1L or 1.0 to avoid implicit integers.
86        Use 2L or 2.0 to avoid implicit integers.
87        Use 1L or 1.0 to avoid implicit integers.
88        Use 2L or 2.0 to avoid implicit integers.
89        Use 1L or 1.0 to avoid implicit integers.
90        Use 2L or 2.0 to avoid implicit integers.
91        Use 1L or 1.0 to avoid implicit integers.
92        Use 2L or 2.0 to avoid implicit integers.
93        Use 1L or 1.0 to avoid implicit integers.
94        Use 2L or 2.0 to avoid implicit integers.
95        Use 3L or 3.0 to avoid implicit integers.
96        Use 3L or 3.0 to avoid implicit integers.
97  Use 1000L or 1000.0 to avoid implicit integers.
98        Use 1L or 1.0 to avoid implicit integers.
99        Use 2L or 2.0 to avoid implicit integers.
100       Use 4L or 4.0 to avoid implicit integers.
101       Use 5L or 5.0 to avoid implicit integers.
102       Use 1L or 1.0 to avoid implicit integers.
103       Use 2L or 2.0 to avoid implicit integers.
104     Use 50L or 50.0 to avoid implicit integers.
105     Use 15L or 15.0 to avoid implicit integers.
106     Use 50L or 50.0 to avoid implicit integers.
107       Use 0L or 0.0 to avoid implicit integers.
108       Use 0L or 0.0 to avoid implicit integers.
109       Use 0L or 0.0 to avoid implicit integers.
110       Use 0L or 0.0 to avoid implicit integers.
111       Use 0L or 0.0 to avoid implicit integers.
112       Use 0L or 0.0 to avoid implicit integers.
113       Use 0L or 0.0 to avoid implicit integers.
114       Use 1L or 1.0 to avoid implicit integers.
115       Use 2L or 2.0 to avoid implicit integers.
116       Use 1L or 1.0 to avoid implicit integers.
117       Use 2L or 2.0 to avoid implicit integers.
118       Use 1L or 1.0 to avoid implicit integers.
119       Use 2L or 2.0 to avoid implicit integers.
120       Use 1L or 1.0 to avoid implicit integers.
121       Use 2L or 2.0 to avoid implicit integers.
122       Use 0L or 0.0 to avoid implicit integers.
123       Use 0L or 0.0 to avoid implicit integers.
124       Use 0L or 0.0 to avoid implicit integers.
125       Use 1L or 1.0 to avoid implicit integers.
126       Use 0L or 0.0 to avoid implicit integers.
127       Use 1L or 1.0 to avoid implicit integers.
128       Use 1L or 1.0 to avoid implicit integers.
129   Use 100L or 100.0 to avoid implicit integers.
130       Use 1L or 1.0 to avoid implicit integers.
131       Use 0L or 0.0 to avoid implicit integers.
132     Use 72L or 72.0 to avoid implicit integers.
133       Use 0L or 0.0 to avoid implicit integers.
134       Use 0L or 0.0 to avoid implicit integers.
135       Use 0L or 0.0 to avoid implicit integers.
136       Use 0L or 0.0 to avoid implicit integers.
137       Use 1L or 1.0 to avoid implicit integers.
138       Use 1L or 1.0 to avoid implicit integers.
139       Use 0L or 0.0 to avoid implicit integers.
140       Use 0L or 0.0 to avoid implicit integers.
141       Use 0L or 0.0 to avoid implicit integers.
142       Use 0L or 0.0 to avoid implicit integers.
                                                                    filename
1  /Users/serdarbalci/Documents/GitHub/ClinicoPathJamoviModule/R/jwaffle.b.R
2  /Users/serdarbalci/Documents/GitHub/ClinicoPathJamoviModule/R/jwaffle.b.R
3  /Users/serdarbalci/Documents/GitHub/ClinicoPathJamoviModule/R/jwaffle.b.R
4  /Users/serdarbalci/Documents/GitHub/ClinicoPathJamoviModule/R/jwaffle.b.R
5  /Users/serdarbalci/Documents/GitHub/ClinicoPathJamoviModule/R/jwaffle.b.R
6  /Users/serdarbalci/Documents/GitHub/ClinicoPathJamoviModule/R/jwaffle.b.R
7  /Users/serdarbalci/Documents/GitHub/ClinicoPathJamoviModule/R/jwaffle.b.R
8  /Users/serdarbalci/Documents/GitHub/ClinicoPathJamoviModule/R/jwaffle.b.R
9  /Users/serdarbalci/Documents/GitHub/ClinicoPathJamoviModule/R/jwaffle.b.R
10 /Users/serdarbalci/Documents/GitHub/ClinicoPathJamoviModule/R/jwaffle.b.R
11 /Users/serdarbalci/Documents/GitHub/ClinicoPathJamoviModule/R/jwaffle.b.R
12 /Users/serdarbalci/Documents/GitHub/ClinicoPathJamoviModule/R/jwaffle.b.R
13 /Users/serdarbalci/Documents/GitHub/ClinicoPathJamoviModule/R/jwaffle.b.R
14 /Users/serdarbalci/Documents/GitHub/ClinicoPathJamoviModule/R/jwaffle.b.R
15 /Users/serdarbalci/Documents/GitHub/ClinicoPathJamoviModule/R/jwaffle.b.R
16 /Users/serdarbalci/Documents/GitHub/ClinicoPathJamoviModule/R/jwaffle.b.R
17 /Users/serdarbalci/Documents/GitHub/ClinicoPathJamoviModule/R/jwaffle.b.R
18 /Users/serdarbalci/Documents/GitHub/ClinicoPathJamoviModule/R/jwaffle.b.R
19 /Users/serdarbalci/Documents/GitHub/ClinicoPathJamoviModule/R/jwaffle.b.R
20 /Users/serdarbalci/Documents/GitHub/ClinicoPathJamoviModule/R/jwaffle.b.R
21 /Users/serdarbalci/Documents/GitHub/ClinicoPathJamoviModule/R/jwaffle.b.R
22 /Users/serdarbalci/Documents/GitHub/ClinicoPathJamoviModule/R/jwaffle.b.R
23 /Users/serdarbalci/Documents/GitHub/ClinicoPathJamoviModule/R/jwaffle.b.R
24 /Users/serdarbalci/Documents/GitHub/ClinicoPathJamoviModule/R/jwaffle.b.R
25 /Users/serdarbalci/Documents/GitHub/ClinicoPathJamoviModule/R/jwaffle.b.R
26 /Users/serdarbalci/Documents/GitHub/ClinicoPathJamoviModule/R/jwaffle.b.R
27 /Users/serdarbalci/Documents/GitHub/ClinicoPathJamoviModule/R/jwaffle.b.R
28 /Users/serdarbalci/Documents/GitHub/ClinicoPathJamoviModule/R/jwaffle.b.R
29 /Users/serdarbalci/Documents/GitHub/ClinicoPathJamoviModule/R/jwaffle.b.R
30 /Users/serdarbalci/Documents/GitHub/ClinicoPathJamoviModule/R/jwaffle.b.R
31 /Users/serdarbalci/Documents/GitHub/ClinicoPathJamoviModule/R/jwaffle.b.R
32 /Users/serdarbalci/Documents/GitHub/ClinicoPathJamoviModule/R/jwaffle.b.R
33 /Users/serdarbalci/Documents/GitHub/ClinicoPathJamoviModule/R/jwaffle.b.R
34 /Users/serdarbalci/Documents/GitHub/ClinicoPathJamoviModule/R/jwaffle.b.R
35 /Users/serdarbalci/Documents/GitHub/ClinicoPathJamoviModule/R/jwaffle.b.R
36 /Users/serdarbalci/Documents/GitHub/ClinicoPathJamoviModule/R/jwaffle.b.R
37 /Users/serdarbalci/Documents/GitHub/ClinicoPathJamoviModule/R/jwaffle.b.R
38 /Users/serdarbalci/Documents/GitHub/ClinicoPathJamoviModule/R/jwaffle.b.R
39 /Users/serdarbalci/Documents/GitHub/ClinicoPathJamoviModule/R/jwaffle.b.R
40 /Users/serdarbalci/Documents/GitHub/ClinicoPathJamoviModule/R/jwaffle.b.R
41 /Users/serdarbalci/Documents/GitHub/ClinicoPathJamoviModule/R/jwaffle.b.R
42 /Users/serdarbalci/Documents/GitHub/ClinicoPathJamoviModule/R/jwaffle.b.R
43 /Users/serdarbalci/Documents/GitHub/ClinicoPathJamoviModule/R/jwaffle.b.R
44 /Users/serdarbalci/Documents/GitHub/ClinicoPathJamoviModule/R/jwaffle.b.R
45 /Users/serdarbalci/Documents/GitHub/ClinicoPathJamoviModule/R/jwaffle.b.R
46 /Users/serdarbalci/Documents/GitHub/ClinicoPathJamoviModule/R/jwaffle.b.R
47 /Users/serdarbalci/Documents/GitHub/ClinicoPathJamoviModule/R/jwaffle.b.R
48 /Users/serdarbalci/Documents/GitHub/ClinicoPathJamoviModule/R/jwaffle.b.R
49 /Users/serdarbalci/Documents/GitHub/ClinicoPathJamoviModule/R/jwaffle.b.R
50 /Users/serdarbalci/Documents/GitHub/ClinicoPathJamoviModule/R/jwaffle.b.R
51 /Users/serdarbalci/Documents/GitHub/ClinicoPathJamoviModule/R/jwaffle.b.R
52 /Users/serdarbalci/Documents/GitHub/ClinicoPathJamoviModule/R/jwaffle.b.R
53 /Users/serdarbalci/Documents/GitHub/ClinicoPathJamoviModule/R/jwaffle.b.R
54 /Users/serdarbalci/Documents/GitHub/ClinicoPathJamoviModule/R/jwaffle.b.R
55 /Users/serdarbalci/Documents/GitHub/ClinicoPathJamoviModule/R/jwaffle.b.R
56 /Users/serdarbalci/Documents/GitHub/ClinicoPathJamoviModule/R/jwaffle.b.R
57 /Users/serdarbalci/Documents/GitHub/ClinicoPathJamoviModule/R/jwaffle.b.R
58 /Users/serdarbalci/Documents/GitHub/ClinicoPathJamoviModule/R/jwaffle.b.R
   line_number                  linter
1          160 implicit_integer_linter
2          167 implicit_integer_linter
3          176 implicit_integer_linter
4          184 implicit_integer_linter
5          185 implicit_integer_linter
6          193 implicit_integer_linter
7          219 implicit_integer_linter
8          265 implicit_integer_linter
9          272 implicit_integer_linter
10         286 implicit_integer_linter
11         348 implicit_integer_linter
12         368 implicit_integer_linter
13         377 implicit_integer_linter
14         391 implicit_integer_linter
15         426 implicit_integer_linter
16         429 implicit_integer_linter
17         461 implicit_integer_linter
18         466 implicit_integer_linter
19         476 implicit_integer_linter
20         530 implicit_integer_linter
21         585 implicit_integer_linter
22         596 implicit_integer_linter
23         603 implicit_integer_linter
24         615 implicit_integer_linter
25         623 implicit_integer_linter
26         633 implicit_integer_linter
27         633 implicit_integer_linter
28         634 implicit_integer_linter
29         678 implicit_integer_linter
30         678 implicit_integer_linter
31         685 implicit_integer_linter
32         695 implicit_integer_linter
33         696 implicit_integer_linter
34         717 implicit_integer_linter
35         719 implicit_integer_linter
36         720 implicit_integer_linter
37         733 implicit_integer_linter
38         742 implicit_integer_linter
39         753 implicit_integer_linter
40         797 implicit_integer_linter
41         797 implicit_integer_linter
42         823 implicit_integer_linter
43         827 implicit_integer_linter
44         865 implicit_integer_linter
45        1114 implicit_integer_linter
46        1137 implicit_integer_linter
47        1139 implicit_integer_linter
48        1142 implicit_integer_linter
49        1145 implicit_integer_linter
50        1148 implicit_integer_linter
51        1155 implicit_integer_linter
52        1159 implicit_integer_linter
53        1161 implicit_integer_linter
54        1168 implicit_integer_linter
55        1170 implicit_integer_linter
56        1170 implicit_integer_linter
57        1215 implicit_integer_linter
58        1225 implicit_integer_linter
                                               message
1            Use 1L or 1.0 to avoid implicit integers.
2            Use 0L or 0.0 to avoid implicit integers.
3            Use 1L or 1.0 to avoid implicit integers.
4        Use 600L or 600.0 to avoid implicit integers.
5        Use 500L or 500.0 to avoid implicit integers.
6      Use 3000L or 3000.0 to avoid implicit integers.
7            Use 0L or 0.0 to avoid implicit integers.
8            Use 0L or 0.0 to avoid implicit integers.
9            Use 0L or 0.0 to avoid implicit integers.
10           Use 0L or 0.0 to avoid implicit integers.
11           Use 0L or 0.0 to avoid implicit integers.
12           Use 0L or 0.0 to avoid implicit integers.
13           Use 0L or 0.0 to avoid implicit integers.
14           Use 0L or 0.0 to avoid implicit integers.
15           Use 2L or 2.0 to avoid implicit integers.
16           Use 3L or 3.0 to avoid implicit integers.
17           Use 0L or 0.0 to avoid implicit integers.
18       Use 100L or 100.0 to avoid implicit integers.
19       Use 100L or 100.0 to avoid implicit integers.
20 Use 100000L or 100000.0 to avoid implicit integers.
21           Use 1L or 1.0 to avoid implicit integers.
22           Use 0L or 0.0 to avoid implicit integers.
23           Use 1L or 1.0 to avoid implicit integers.
24         Use 10L or 10.0 to avoid implicit integers.
25         Use 30L or 30.0 to avoid implicit integers.
26           Use 5L or 5.0 to avoid implicit integers.
27         Use 30L or 30.0 to avoid implicit integers.
28           Use 5L or 5.0 to avoid implicit integers.
29           Use 0L or 0.0 to avoid implicit integers.
30           Use 0L or 0.0 to avoid implicit integers.
31           Use 0L or 0.0 to avoid implicit integers.
32       Use 100L or 100.0 to avoid implicit integers.
33           Use 2L or 2.0 to avoid implicit integers.
34           Use 1L or 1.0 to avoid implicit integers.
35           Use 0L or 0.0 to avoid implicit integers.
36           Use 0L or 0.0 to avoid implicit integers.
37           Use 0L or 0.0 to avoid implicit integers.
38           Use 0L or 0.0 to avoid implicit integers.
39           Use 0L or 0.0 to avoid implicit integers.
40           Use 0L or 0.0 to avoid implicit integers.
41           Use 0L or 0.0 to avoid implicit integers.
42       Use 100L or 100.0 to avoid implicit integers.
43       Use 100L or 100.0 to avoid implicit integers.
44       Use 100L or 100.0 to avoid implicit integers.
45           Use 1L or 1.0 to avoid implicit integers.
46         Use 16L or 16.0 to avoid implicit integers.
47         Use 20L or 20.0 to avoid implicit integers.
48         Use 11L or 11.0 to avoid implicit integers.
49         Use 25L or 25.0 to avoid implicit integers.
50         Use 14L or 14.0 to avoid implicit integers.
51         Use 12L or 12.0 to avoid implicit integers.
52         Use 10L or 10.0 to avoid implicit integers.
53         Use 20L or 20.0 to avoid implicit integers.
54         Use 12L or 12.0 to avoid implicit integers.
55         Use 10L or 10.0 to avoid implicit integers.
56         Use 10L or 10.0 to avoid implicit integers.
57           Use 0L or 0.0 to avoid implicit integers.
58           Use 0L or 0.0 to avoid implicit integers.
                                                                           filename
1  /Users/serdarbalci/Documents/GitHub/ClinicoPathJamoviModule/R/jjscatterstats.b.R
2  /Users/serdarbalci/Documents/GitHub/ClinicoPathJamoviModule/R/jjscatterstats.b.R
3  /Users/serdarbalci/Documents/GitHub/ClinicoPathJamoviModule/R/jjscatterstats.b.R
4  /Users/serdarbalci/Documents/GitHub/ClinicoPathJamoviModule/R/jjscatterstats.b.R
5  /Users/serdarbalci/Documents/GitHub/ClinicoPathJamoviModule/R/jjscatterstats.b.R
6  /Users/serdarbalci/Documents/GitHub/ClinicoPathJamoviModule/R/jjscatterstats.b.R
7  /Users/serdarbalci/Documents/GitHub/ClinicoPathJamoviModule/R/jjscatterstats.b.R
8  /Users/serdarbalci/Documents/GitHub/ClinicoPathJamoviModule/R/jjscatterstats.b.R
9  /Users/serdarbalci/Documents/GitHub/ClinicoPathJamoviModule/R/jjscatterstats.b.R
10 /Users/serdarbalci/Documents/GitHub/ClinicoPathJamoviModule/R/jjscatterstats.b.R
11 /Users/serdarbalci/Documents/GitHub/ClinicoPathJamoviModule/R/jjscatterstats.b.R
12 /Users/serdarbalci/Documents/GitHub/ClinicoPathJamoviModule/R/jjscatterstats.b.R
13 /Users/serdarbalci/Documents/GitHub/ClinicoPathJamoviModule/R/jjscatterstats.b.R
14 /Users/serdarbalci/Documents/GitHub/ClinicoPathJamoviModule/R/jjscatterstats.b.R
15 /Users/serdarbalci/Documents/GitHub/ClinicoPathJamoviModule/R/jjscatterstats.b.R
16 /Users/serdarbalci/Documents/GitHub/ClinicoPathJamoviModule/R/jjscatterstats.b.R
17 /Users/serdarbalci/Documents/GitHub/ClinicoPathJamoviModule/R/jjscatterstats.b.R
18 /Users/serdarbalci/Documents/GitHub/ClinicoPathJamoviModule/R/jjscatterstats.b.R
19 /Users/serdarbalci/Documents/GitHub/ClinicoPathJamoviModule/R/jjscatterstats.b.R
20 /Users/serdarbalci/Documents/GitHub/ClinicoPathJamoviModule/R/jjscatterstats.b.R
21 /Users/serdarbalci/Documents/GitHub/ClinicoPathJamoviModule/R/jjscatterstats.b.R
22 /Users/serdarbalci/Documents/GitHub/ClinicoPathJamoviModule/R/jjscatterstats.b.R
23 /Users/serdarbalci/Documents/GitHub/ClinicoPathJamoviModule/R/jjscatterstats.b.R
24 /Users/serdarbalci/Documents/GitHub/ClinicoPathJamoviModule/R/jjscatterstats.b.R
25 /Users/serdarbalci/Documents/GitHub/ClinicoPathJamoviModule/R/jjscatterstats.b.R
   line_number                  linter
1           36 implicit_integer_linter
2           37 implicit_integer_linter
3           47 implicit_integer_linter
4           47 implicit_integer_linter
5          103 implicit_integer_linter
6          118 implicit_integer_linter
7          142 implicit_integer_linter
8          143 implicit_integer_linter
9          144 implicit_integer_linter
10         146 implicit_integer_linter
11         148 implicit_integer_linter
12         149 implicit_integer_linter
13         324 implicit_integer_linter
14         328 implicit_integer_linter
15         606 implicit_integer_linter
16         625 implicit_integer_linter
17         673 implicit_integer_linter
18         674 implicit_integer_linter
19         746 implicit_integer_linter
20         747 implicit_integer_linter
21         748 implicit_integer_linter
22         815 implicit_integer_linter
23         838 implicit_integer_linter
24         838 implicit_integer_linter
25        1078 implicit_integer_linter
                                         message
1  Use 600L or 600.0 to avoid implicit integers.
2  Use 450L or 450.0 to avoid implicit integers.
3      Use 1L or 1.0 to avoid implicit integers.
4    Use 16L or 16.0 to avoid implicit integers.
5      Use 0L or 0.0 to avoid implicit integers.
6      Use 1L or 1.0 to avoid implicit integers.
7      Use 3L or 3.0 to avoid implicit integers.
8      Use 2L or 2.0 to avoid implicit integers.
9      Use 2L or 2.0 to avoid implicit integers.
10     Use 3L or 3.0 to avoid implicit integers.
11     Use 1L or 1.0 to avoid implicit integers.
12     Use 2L or 2.0 to avoid implicit integers.
13     Use 0L or 0.0 to avoid implicit integers.
14     Use 1L or 1.0 to avoid implicit integers.
15     Use 6L or 6.0 to avoid implicit integers.
16     Use 0L or 0.0 to avoid implicit integers.
17     Use 3L or 3.0 to avoid implicit integers.
18   Use 10L or 10.0 to avoid implicit integers.
19     Use 3L or 3.0 to avoid implicit integers.
20     Use 2L or 2.0 to avoid implicit integers.
21     Use 2L or 2.0 to avoid implicit integers.
22     Use 5L or 5.0 to avoid implicit integers.
23     Use 1L or 1.0 to avoid implicit integers.
24   Use 40L or 40.0 to avoid implicit integers.
25     Use 0L or 0.0 to avoid implicit integers.
                                                                      filename
1  /Users/serdarbalci/Documents/GitHub/ClinicoPathJamoviModule/R/jjcorrmat.b.R
2  /Users/serdarbalci/Documents/GitHub/ClinicoPathJamoviModule/R/jjcorrmat.b.R
3  /Users/serdarbalci/Documents/GitHub/ClinicoPathJamoviModule/R/jjcorrmat.b.R
4  /Users/serdarbalci/Documents/GitHub/ClinicoPathJamoviModule/R/jjcorrmat.b.R
5  /Users/serdarbalci/Documents/GitHub/ClinicoPathJamoviModule/R/jjcorrmat.b.R
6  /Users/serdarbalci/Documents/GitHub/ClinicoPathJamoviModule/R/jjcorrmat.b.R
7  /Users/serdarbalci/Documents/GitHub/ClinicoPathJamoviModule/R/jjcorrmat.b.R
8  /Users/serdarbalci/Documents/GitHub/ClinicoPathJamoviModule/R/jjcorrmat.b.R
9  /Users/serdarbalci/Documents/GitHub/ClinicoPathJamoviModule/R/jjcorrmat.b.R
10 /Users/serdarbalci/Documents/GitHub/ClinicoPathJamoviModule/R/jjcorrmat.b.R
11 /Users/serdarbalci/Documents/GitHub/ClinicoPathJamoviModule/R/jjcorrmat.b.R
12 /Users/serdarbalci/Documents/GitHub/ClinicoPathJamoviModule/R/jjcorrmat.b.R
13 /Users/serdarbalci/Documents/GitHub/ClinicoPathJamoviModule/R/jjcorrmat.b.R
14 /Users/serdarbalci/Documents/GitHub/ClinicoPathJamoviModule/R/jjcorrmat.b.R
15 /Users/serdarbalci/Documents/GitHub/ClinicoPathJamoviModule/R/jjcorrmat.b.R
16 /Users/serdarbalci/Documents/GitHub/ClinicoPathJamoviModule/R/jjcorrmat.b.R
17 /Users/serdarbalci/Documents/GitHub/ClinicoPathJamoviModule/R/jjcorrmat.b.R
18 /Users/serdarbalci/Documents/GitHub/ClinicoPathJamoviModule/R/jjcorrmat.b.R
19 /Users/serdarbalci/Documents/GitHub/ClinicoPathJamoviModule/R/jjcorrmat.b.R
20 /Users/serdarbalci/Documents/GitHub/ClinicoPathJamoviModule/R/jjcorrmat.b.R
21 /Users/serdarbalci/Documents/GitHub/ClinicoPathJamoviModule/R/jjcorrmat.b.R
22 /Users/serdarbalci/Documents/GitHub/ClinicoPathJamoviModule/R/jjcorrmat.b.R
23 /Users/serdarbalci/Documents/GitHub/ClinicoPathJamoviModule/R/jjcorrmat.b.R
24 /Users/serdarbalci/Documents/GitHub/ClinicoPathJamoviModule/R/jjcorrmat.b.R
25 /Users/serdarbalci/Documents/GitHub/ClinicoPathJamoviModule/R/jjcorrmat.b.R
26 /Users/serdarbalci/Documents/GitHub/ClinicoPathJamoviModule/R/jjcorrmat.b.R
27 /Users/serdarbalci/Documents/GitHub/ClinicoPathJamoviModule/R/jjcorrmat.b.R
28 /Users/serdarbalci/Documents/GitHub/ClinicoPathJamoviModule/R/jjcorrmat.b.R
29 /Users/serdarbalci/Documents/GitHub/ClinicoPathJamoviModule/R/jjcorrmat.b.R
30 /Users/serdarbalci/Documents/GitHub/ClinicoPathJamoviModule/R/jjcorrmat.b.R
31 /Users/serdarbalci/Documents/GitHub/ClinicoPathJamoviModule/R/jjcorrmat.b.R
32 /Users/serdarbalci/Documents/GitHub/ClinicoPathJamoviModule/R/jjcorrmat.b.R
33 /Users/serdarbalci/Documents/GitHub/ClinicoPathJamoviModule/R/jjcorrmat.b.R
34 /Users/serdarbalci/Documents/GitHub/ClinicoPathJamoviModule/R/jjcorrmat.b.R
35 /Users/serdarbalci/Documents/GitHub/ClinicoPathJamoviModule/R/jjcorrmat.b.R
36 /Users/serdarbalci/Documents/GitHub/ClinicoPathJamoviModule/R/jjcorrmat.b.R
37 /Users/serdarbalci/Documents/GitHub/ClinicoPathJamoviModule/R/jjcorrmat.b.R
38 /Users/serdarbalci/Documents/GitHub/ClinicoPathJamoviModule/R/jjcorrmat.b.R
39 /Users/serdarbalci/Documents/GitHub/ClinicoPathJamoviModule/R/jjcorrmat.b.R
40 /Users/serdarbalci/Documents/GitHub/ClinicoPathJamoviModule/R/jjcorrmat.b.R
41 /Users/serdarbalci/Documents/GitHub/ClinicoPathJamoviModule/R/jjcorrmat.b.R
42 /Users/serdarbalci/Documents/GitHub/ClinicoPathJamoviModule/R/jjcorrmat.b.R
43 /Users/serdarbalci/Documents/GitHub/ClinicoPathJamoviModule/R/jjcorrmat.b.R
44 /Users/serdarbalci/Documents/GitHub/ClinicoPathJamoviModule/R/jjcorrmat.b.R
45 /Users/serdarbalci/Documents/GitHub/ClinicoPathJamoviModule/R/jjcorrmat.b.R
46 /Users/serdarbalci/Documents/GitHub/ClinicoPathJamoviModule/R/jjcorrmat.b.R
47 /Users/serdarbalci/Documents/GitHub/ClinicoPathJamoviModule/R/jjcorrmat.b.R
48 /Users/serdarbalci/Documents/GitHub/ClinicoPathJamoviModule/R/jjcorrmat.b.R
49 /Users/serdarbalci/Documents/GitHub/ClinicoPathJamoviModule/R/jjcorrmat.b.R
50 /Users/serdarbalci/Documents/GitHub/ClinicoPathJamoviModule/R/jjcorrmat.b.R
51 /Users/serdarbalci/Documents/GitHub/ClinicoPathJamoviModule/R/jjcorrmat.b.R
52 /Users/serdarbalci/Documents/GitHub/ClinicoPathJamoviModule/R/jjcorrmat.b.R
53 /Users/serdarbalci/Documents/GitHub/ClinicoPathJamoviModule/R/jjcorrmat.b.R
54 /Users/serdarbalci/Documents/GitHub/ClinicoPathJamoviModule/R/jjcorrmat.b.R
55 /Users/serdarbalci/Documents/GitHub/ClinicoPathJamoviModule/R/jjcorrmat.b.R
   line_number                  linter
1           41 implicit_integer_linter
2           50 implicit_integer_linter
3           58 implicit_integer_linter
4          137 implicit_integer_linter
5          148 implicit_integer_linter
6          149 implicit_integer_linter
7          208 implicit_integer_linter
8          209 implicit_integer_linter
9          236 implicit_integer_linter
10         238 implicit_integer_linter
11         257 implicit_integer_linter
12         274 implicit_integer_linter
13         275 implicit_integer_linter
14         276 implicit_integer_linter
15         286 implicit_integer_linter
16         292 implicit_integer_linter
17         297 implicit_integer_linter
18         338 implicit_integer_linter
19         359 implicit_integer_linter
20         403 implicit_integer_linter
21         409 implicit_integer_linter
22         411 implicit_integer_linter
23         411 implicit_integer_linter
24         457 implicit_integer_linter
25         459 implicit_integer_linter
26         468 implicit_integer_linter
27         473 implicit_integer_linter
28         478 implicit_integer_linter
29         531 implicit_integer_linter
30         569 implicit_integer_linter
31         587 implicit_integer_linter
32         589 implicit_integer_linter
33         617 implicit_integer_linter
34         622 implicit_integer_linter
35         632 implicit_integer_linter
36         638 implicit_integer_linter
37         644 implicit_integer_linter
38         670 implicit_integer_linter
39         698 implicit_integer_linter
40         724 implicit_integer_linter
41         750 implicit_integer_linter
42         765 implicit_integer_linter
43         807 implicit_integer_linter
44         807 implicit_integer_linter
45         810 implicit_integer_linter
46         825 implicit_integer_linter
47         913 implicit_integer_linter
48         943 implicit_integer_linter
49         970 implicit_integer_linter
50        1010 implicit_integer_linter
51        1104 implicit_integer_linter
52        1186 implicit_integer_linter
53        1281 implicit_integer_linter
54        1298 implicit_integer_linter
55        1304 implicit_integer_linter
                                               message
1            Use 0L or 0.0 to avoid implicit integers.
2            Use 1L or 1.0 to avoid implicit integers.
3            Use 0L or 0.0 to avoid implicit integers.
4            Use 2L or 2.0 to avoid implicit integers.
5        Use 600L or 600.0 to avoid implicit integers.
6        Use 450L or 450.0 to avoid implicit integers.
7            Use 2L or 2.0 to avoid implicit integers.
8            Use 1L or 1.0 to avoid implicit integers.
9            Use 2L or 2.0 to avoid implicit integers.
10           Use 0L or 0.0 to avoid implicit integers.
11           Use 0L or 0.0 to avoid implicit integers.
12           Use 3L or 3.0 to avoid implicit integers.
13           Use 2L or 2.0 to avoid implicit integers.
14           Use 1L or 1.0 to avoid implicit integers.
15           Use 0L or 0.0 to avoid implicit integers.
16           Use 0L or 0.0 to avoid implicit integers.
17           Use 2L or 2.0 to avoid implicit integers.
18           Use 3L or 3.0 to avoid implicit integers.
19         Use 14L or 14.0 to avoid implicit integers.
20           Use 0L or 0.0 to avoid implicit integers.
21           Use 3L or 3.0 to avoid implicit integers.
22           Use 3L or 3.0 to avoid implicit integers.
23 Use 100000L or 100000.0 to avoid implicit integers.
24           Use 1L or 1.0 to avoid implicit integers.
25           Use 2L or 2.0 to avoid implicit integers.
26         Use 20L or 20.0 to avoid implicit integers.
27         Use 10L or 10.0 to avoid implicit integers.
28           Use 3L or 3.0 to avoid implicit integers.
29           Use 0L or 0.0 to avoid implicit integers.
30           Use 2L or 2.0 to avoid implicit integers.
31           Use 0L or 0.0 to avoid implicit integers.
32           Use 3L or 3.0 to avoid implicit integers.
33           Use 0L or 0.0 to avoid implicit integers.
34           Use 3L or 3.0 to avoid implicit integers.
35           Use 1L or 1.0 to avoid implicit integers.
36           Use 3L or 3.0 to avoid implicit integers.
37           Use 3L or 3.0 to avoid implicit integers.
38           Use 3L or 3.0 to avoid implicit integers.
39           Use 5L or 5.0 to avoid implicit integers.
40           Use 0L or 0.0 to avoid implicit integers.
41           Use 2L or 2.0 to avoid implicit integers.
42           Use 0L or 0.0 to avoid implicit integers.
43       Use 100L or 100.0 to avoid implicit integers.
44           Use 1L or 1.0 to avoid implicit integers.
45           Use 0L or 0.0 to avoid implicit integers.
46           Use 0L or 0.0 to avoid implicit integers.
47           Use 1L or 1.0 to avoid implicit integers.
48           Use 0L or 0.0 to avoid implicit integers.
49           Use 0L or 0.0 to avoid implicit integers.
50           Use 0L or 0.0 to avoid implicit integers.
51           Use 2L or 2.0 to avoid implicit integers.
52           Use 2L or 2.0 to avoid implicit integers.
53           Use 0L or 0.0 to avoid implicit integers.
54           Use 0L or 0.0 to avoid implicit integers.
55           Use 0L or 0.0 to avoid implicit integers.
                                                                           filename
1  /Users/serdarbalci/Documents/GitHub/ClinicoPathJamoviModule/R/jjbetweenstats.b.R
2  /Users/serdarbalci/Documents/GitHub/ClinicoPathJamoviModule/R/jjbetweenstats.b.R
3  /Users/serdarbalci/Documents/GitHub/ClinicoPathJamoviModule/R/jjbetweenstats.b.R
4  /Users/serdarbalci/Documents/GitHub/ClinicoPathJamoviModule/R/jjbetweenstats.b.R
5  /Users/serdarbalci/Documents/GitHub/ClinicoPathJamoviModule/R/jjbetweenstats.b.R
6  /Users/serdarbalci/Documents/GitHub/ClinicoPathJamoviModule/R/jjbetweenstats.b.R
7  /Users/serdarbalci/Documents/GitHub/ClinicoPathJamoviModule/R/jjbetweenstats.b.R
8  /Users/serdarbalci/Documents/GitHub/ClinicoPathJamoviModule/R/jjbetweenstats.b.R
9  /Users/serdarbalci/Documents/GitHub/ClinicoPathJamoviModule/R/jjbetweenstats.b.R
10 /Users/serdarbalci/Documents/GitHub/ClinicoPathJamoviModule/R/jjbetweenstats.b.R
11 /Users/serdarbalci/Documents/GitHub/ClinicoPathJamoviModule/R/jjbetweenstats.b.R
12 /Users/serdarbalci/Documents/GitHub/ClinicoPathJamoviModule/R/jjbetweenstats.b.R
13 /Users/serdarbalci/Documents/GitHub/ClinicoPathJamoviModule/R/jjbetweenstats.b.R
14 /Users/serdarbalci/Documents/GitHub/ClinicoPathJamoviModule/R/jjbetweenstats.b.R
15 /Users/serdarbalci/Documents/GitHub/ClinicoPathJamoviModule/R/jjbetweenstats.b.R
16 /Users/serdarbalci/Documents/GitHub/ClinicoPathJamoviModule/R/jjbetweenstats.b.R
17 /Users/serdarbalci/Documents/GitHub/ClinicoPathJamoviModule/R/jjbetweenstats.b.R
18 /Users/serdarbalci/Documents/GitHub/ClinicoPathJamoviModule/R/jjbetweenstats.b.R
19 /Users/serdarbalci/Documents/GitHub/ClinicoPathJamoviModule/R/jjbetweenstats.b.R
20 /Users/serdarbalci/Documents/GitHub/ClinicoPathJamoviModule/R/jjbetweenstats.b.R
21 /Users/serdarbalci/Documents/GitHub/ClinicoPathJamoviModule/R/jjbetweenstats.b.R
22 /Users/serdarbalci/Documents/GitHub/ClinicoPathJamoviModule/R/jjbetweenstats.b.R
23 /Users/serdarbalci/Documents/GitHub/ClinicoPathJamoviModule/R/jjbetweenstats.b.R
24 /Users/serdarbalci/Documents/GitHub/ClinicoPathJamoviModule/R/jjbetweenstats.b.R
25 /Users/serdarbalci/Documents/GitHub/ClinicoPathJamoviModule/R/jjbetweenstats.b.R
26 /Users/serdarbalci/Documents/GitHub/ClinicoPathJamoviModule/R/jjbetweenstats.b.R
27 /Users/serdarbalci/Documents/GitHub/ClinicoPathJamoviModule/R/jjbetweenstats.b.R
28 /Users/serdarbalci/Documents/GitHub/ClinicoPathJamoviModule/R/jjbetweenstats.b.R
29 /Users/serdarbalci/Documents/GitHub/ClinicoPathJamoviModule/R/jjbetweenstats.b.R
30 /Users/serdarbalci/Documents/GitHub/ClinicoPathJamoviModule/R/jjbetweenstats.b.R
31 /Users/serdarbalci/Documents/GitHub/ClinicoPathJamoviModule/R/jjbetweenstats.b.R
32 /Users/serdarbalci/Documents/GitHub/ClinicoPathJamoviModule/R/jjbetweenstats.b.R
33 /Users/serdarbalci/Documents/GitHub/ClinicoPathJamoviModule/R/jjbetweenstats.b.R
34 /Users/serdarbalci/Documents/GitHub/ClinicoPathJamoviModule/R/jjbetweenstats.b.R
35 /Users/serdarbalci/Documents/GitHub/ClinicoPathJamoviModule/R/jjbetweenstats.b.R
36 /Users/serdarbalci/Documents/GitHub/ClinicoPathJamoviModule/R/jjbetweenstats.b.R
37 /Users/serdarbalci/Documents/GitHub/ClinicoPathJamoviModule/R/jjbetweenstats.b.R
38 /Users/serdarbalci/Documents/GitHub/ClinicoPathJamoviModule/R/jjbetweenstats.b.R
39 /Users/serdarbalci/Documents/GitHub/ClinicoPathJamoviModule/R/jjbetweenstats.b.R
40 /Users/serdarbalci/Documents/GitHub/ClinicoPathJamoviModule/R/jjbetweenstats.b.R
41 /Users/serdarbalci/Documents/GitHub/ClinicoPathJamoviModule/R/jjbetweenstats.b.R
42 /Users/serdarbalci/Documents/GitHub/ClinicoPathJamoviModule/R/jjbetweenstats.b.R
43 /Users/serdarbalci/Documents/GitHub/ClinicoPathJamoviModule/R/jjbetweenstats.b.R
44 /Users/serdarbalci/Documents/GitHub/ClinicoPathJamoviModule/R/jjbetweenstats.b.R
45 /Users/serdarbalci/Documents/GitHub/ClinicoPathJamoviModule/R/jjbetweenstats.b.R
46 /Users/serdarbalci/Documents/GitHub/ClinicoPathJamoviModule/R/jjbetweenstats.b.R
47 /Users/serdarbalci/Documents/GitHub/ClinicoPathJamoviModule/R/jjbetweenstats.b.R
48 /Users/serdarbalci/Documents/GitHub/ClinicoPathJamoviModule/R/jjbetweenstats.b.R
49 /Users/serdarbalci/Documents/GitHub/ClinicoPathJamoviModule/R/jjbetweenstats.b.R
50 /Users/serdarbalci/Documents/GitHub/ClinicoPathJamoviModule/R/jjbetweenstats.b.R
51 /Users/serdarbalci/Documents/GitHub/ClinicoPathJamoviModule/R/jjbetweenstats.b.R
52 /Users/serdarbalci/Documents/GitHub/ClinicoPathJamoviModule/R/jjbetweenstats.b.R
53 /Users/serdarbalci/Documents/GitHub/ClinicoPathJamoviModule/R/jjbetweenstats.b.R
54 /Users/serdarbalci/Documents/GitHub/ClinicoPathJamoviModule/R/jjbetweenstats.b.R
55 /Users/serdarbalci/Documents/GitHub/ClinicoPathJamoviModule/R/jjbetweenstats.b.R
56 /Users/serdarbalci/Documents/GitHub/ClinicoPathJamoviModule/R/jjbetweenstats.b.R
57 /Users/serdarbalci/Documents/GitHub/ClinicoPathJamoviModule/R/jjbetweenstats.b.R
58 /Users/serdarbalci/Documents/GitHub/ClinicoPathJamoviModule/R/jjbetweenstats.b.R
59 /Users/serdarbalci/Documents/GitHub/ClinicoPathJamoviModule/R/jjbetweenstats.b.R
60 /Users/serdarbalci/Documents/GitHub/ClinicoPathJamoviModule/R/jjbetweenstats.b.R
61 /Users/serdarbalci/Documents/GitHub/ClinicoPathJamoviModule/R/jjbetweenstats.b.R
62 /Users/serdarbalci/Documents/GitHub/ClinicoPathJamoviModule/R/jjbetweenstats.b.R
63 /Users/serdarbalci/Documents/GitHub/ClinicoPathJamoviModule/R/jjbetweenstats.b.R
64 /Users/serdarbalci/Documents/GitHub/ClinicoPathJamoviModule/R/jjbetweenstats.b.R
65 /Users/serdarbalci/Documents/GitHub/ClinicoPathJamoviModule/R/jjbetweenstats.b.R
66 /Users/serdarbalci/Documents/GitHub/ClinicoPathJamoviModule/R/jjbetweenstats.b.R
67 /Users/serdarbalci/Documents/GitHub/ClinicoPathJamoviModule/R/jjbetweenstats.b.R
68 /Users/serdarbalci/Documents/GitHub/ClinicoPathJamoviModule/R/jjbetweenstats.b.R
69 /Users/serdarbalci/Documents/GitHub/ClinicoPathJamoviModule/R/jjbetweenstats.b.R
70 /Users/serdarbalci/Documents/GitHub/ClinicoPathJamoviModule/R/jjbetweenstats.b.R
71 /Users/serdarbalci/Documents/GitHub/ClinicoPathJamoviModule/R/jjbetweenstats.b.R
72 /Users/serdarbalci/Documents/GitHub/ClinicoPathJamoviModule/R/jjbetweenstats.b.R
73 /Users/serdarbalci/Documents/GitHub/ClinicoPathJamoviModule/R/jjbetweenstats.b.R
74 /Users/serdarbalci/Documents/GitHub/ClinicoPathJamoviModule/R/jjbetweenstats.b.R
75 /Users/serdarbalci/Documents/GitHub/ClinicoPathJamoviModule/R/jjbetweenstats.b.R
76 /Users/serdarbalci/Documents/GitHub/ClinicoPathJamoviModule/R/jjbetweenstats.b.R
77 /Users/serdarbalci/Documents/GitHub/ClinicoPathJamoviModule/R/jjbetweenstats.b.R
78 /Users/serdarbalci/Documents/GitHub/ClinicoPathJamoviModule/R/jjbetweenstats.b.R
79 /Users/serdarbalci/Documents/GitHub/ClinicoPathJamoviModule/R/jjbetweenstats.b.R
80 /Users/serdarbalci/Documents/GitHub/ClinicoPathJamoviModule/R/jjbetweenstats.b.R
81 /Users/serdarbalci/Documents/GitHub/ClinicoPathJamoviModule/R/jjbetweenstats.b.R
82 /Users/serdarbalci/Documents/GitHub/ClinicoPathJamoviModule/R/jjbetweenstats.b.R
83 /Users/serdarbalci/Documents/GitHub/ClinicoPathJamoviModule/R/jjbetweenstats.b.R
84 /Users/serdarbalci/Documents/GitHub/ClinicoPathJamoviModule/R/jjbetweenstats.b.R
85 /Users/serdarbalci/Documents/GitHub/ClinicoPathJamoviModule/R/jjbetweenstats.b.R
86 /Users/serdarbalci/Documents/GitHub/ClinicoPathJamoviModule/R/jjbetweenstats.b.R
87 /Users/serdarbalci/Documents/GitHub/ClinicoPathJamoviModule/R/jjbetweenstats.b.R
88 /Users/serdarbalci/Documents/GitHub/ClinicoPathJamoviModule/R/jjbetweenstats.b.R
   line_number                  linter
1           65 implicit_integer_linter
2           70 implicit_integer_linter
3          101 implicit_integer_linter
4          119 implicit_integer_linter
5          120 implicit_integer_linter
6          124 implicit_integer_linter
7          146 implicit_integer_linter
8          163 implicit_integer_linter
9          188 implicit_integer_linter
10         195 implicit_integer_linter
11         215 implicit_integer_linter
12         221 implicit_integer_linter
13         227 implicit_integer_linter
14         233 implicit_integer_linter
15         271 implicit_integer_linter
16         292 implicit_integer_linter
17         329 implicit_integer_linter
18         335 implicit_integer_linter
19         336 implicit_integer_linter
20         338 implicit_integer_linter
21         370 implicit_integer_linter
22         374 implicit_integer_linter
23         389 implicit_integer_linter
24         390 implicit_integer_linter
25         400 implicit_integer_linter
26         421 implicit_integer_linter
27         510 implicit_integer_linter
28         517 implicit_integer_linter
29         517 implicit_integer_linter
30         520 implicit_integer_linter
31         532 implicit_integer_linter
32         532 implicit_integer_linter
33         576 implicit_integer_linter
34         581 implicit_integer_linter
35         587 implicit_integer_linter
36         613 implicit_integer_linter
37         613 implicit_integer_linter
38         615 implicit_integer_linter
39         622 implicit_integer_linter
40         628 implicit_integer_linter
41         629 implicit_integer_linter
42         629 implicit_integer_linter
43         630 implicit_integer_linter
44         631 implicit_integer_linter
45         633 implicit_integer_linter
46         715 implicit_integer_linter
47         728 implicit_integer_linter
48         745 implicit_integer_linter
49         748 implicit_integer_linter
50         757 implicit_integer_linter
51         839 implicit_integer_linter
52         840 implicit_integer_linter
53         848 implicit_integer_linter
54         849 implicit_integer_linter
55         849 implicit_integer_linter
56         913 implicit_integer_linter
57         989 implicit_integer_linter
58        1006 implicit_integer_linter
59        1013 implicit_integer_linter
60        1034 implicit_integer_linter
61        1060 implicit_integer_linter
62        1125 implicit_integer_linter
63        1126 implicit_integer_linter
64        1156 implicit_integer_linter
65        1161 implicit_integer_linter
66        1173 implicit_integer_linter
67        1207 implicit_integer_linter
68        1268 implicit_integer_linter
69        1335 implicit_integer_linter
70        1336 implicit_integer_linter
71        1370 implicit_integer_linter
72        1380 implicit_integer_linter
73        1425 implicit_integer_linter
74        1435 implicit_integer_linter
75        1495 implicit_integer_linter
76        1496 implicit_integer_linter
77        1528 implicit_integer_linter
78        1535 implicit_integer_linter
79        1536 implicit_integer_linter
80        1537 implicit_integer_linter
81        1567 implicit_integer_linter
82        1602 implicit_integer_linter
83        1629 implicit_integer_linter
84        1635 implicit_integer_linter
85        1636 implicit_integer_linter
86        1637 implicit_integer_linter
87        1663 implicit_integer_linter
88        1699 implicit_integer_linter
                                           message
1        Use 1L or 1.0 to avoid implicit integers.
2        Use 1L or 1.0 to avoid implicit integers.
3        Use 0L or 0.0 to avoid implicit integers.
4    Use 650L or 650.0 to avoid implicit integers.
5    Use 450L or 450.0 to avoid implicit integers.
6        Use 1L or 1.0 to avoid implicit integers.
7        Use 1L or 1.0 to avoid implicit integers.
8        Use 0L or 0.0 to avoid implicit integers.
9        Use 3L or 3.0 to avoid implicit integers.
10       Use 2L or 2.0 to avoid implicit integers.
11 Use 5000L or 5000.0 to avoid implicit integers.
12       Use 0L or 0.0 to avoid implicit integers.
13       Use 0L or 0.0 to avoid implicit integers.
14       Use 0L or 0.0 to avoid implicit integers.
15       Use 2L or 2.0 to avoid implicit integers.
16       Use 2L or 2.0 to avoid implicit integers.
17       Use 2L or 2.0 to avoid implicit integers.
18       Use 2L or 2.0 to avoid implicit integers.
19       Use 2L or 2.0 to avoid implicit integers.
20       Use 2L or 2.0 to avoid implicit integers.
21       Use 0L or 0.0 to avoid implicit integers.
22       Use 1L or 1.0 to avoid implicit integers.
23       Use 2L or 2.0 to avoid implicit integers.
24       Use 2L or 2.0 to avoid implicit integers.
25       Use 0L or 0.0 to avoid implicit integers.
26       Use 1L or 1.0 to avoid implicit integers.
27       Use 1L or 1.0 to avoid implicit integers.
28       Use 1L or 1.0 to avoid implicit integers.
29       Use 1L or 1.0 to avoid implicit integers.
30   Use 100L or 100.0 to avoid implicit integers.
31     Use -1L or -1.0 to avoid implicit integers.
32     Use -1L or -1.0 to avoid implicit integers.
33       Use 3L or 3.0 to avoid implicit integers.
34       Use 3L or 3.0 to avoid implicit integers.
35       Use 1L or 1.0 to avoid implicit integers.
36       Use 3L or 3.0 to avoid implicit integers.
37   Use 200L or 200.0 to avoid implicit integers.
38       Use 1L or 1.0 to avoid implicit integers.
39   Use 200L or 200.0 to avoid implicit integers.
40       Use 0L or 0.0 to avoid implicit integers.
41       Use 3L or 3.0 to avoid implicit integers.
42       Use 3L or 3.0 to avoid implicit integers.
43       Use 0L or 0.0 to avoid implicit integers.
44       Use 0L or 0.0 to avoid implicit integers.
45       Use 1L or 1.0 to avoid implicit integers.
46       Use 2L or 2.0 to avoid implicit integers.
47       Use 0L or 0.0 to avoid implicit integers.
48     Use 30L or 30.0 to avoid implicit integers.
49       Use 0L or 0.0 to avoid implicit integers.
50 Use 5000L or 5000.0 to avoid implicit integers.
51       Use 3L or 3.0 to avoid implicit integers.
52       Use 0L or 0.0 to avoid implicit integers.
53       Use 5L or 5.0 to avoid implicit integers.
54       Use 3L or 3.0 to avoid implicit integers.
55       Use 4L or 4.0 to avoid implicit integers.
56       Use 0L or 0.0 to avoid implicit integers.
57       Use 1L or 1.0 to avoid implicit integers.
58       Use 2L or 2.0 to avoid implicit integers.
59   Use 100L or 100.0 to avoid implicit integers.
60       Use 1L or 1.0 to avoid implicit integers.
61       Use 0L or 0.0 to avoid implicit integers.
62       Use 1L or 1.0 to avoid implicit integers.
63       Use 1L or 1.0 to avoid implicit integers.
64       Use 2L or 2.0 to avoid implicit integers.
65   Use 100L or 100.0 to avoid implicit integers.
66   Use 100L or 100.0 to avoid implicit integers.
67       Use 1L or 1.0 to avoid implicit integers.
68       Use 1L or 1.0 to avoid implicit integers.
69       Use 1L or 1.0 to avoid implicit integers.
70       Use 1L or 1.0 to avoid implicit integers.
71       Use 1L or 1.0 to avoid implicit integers.
72       Use 2L or 2.0 to avoid implicit integers.
73       Use 1L or 1.0 to avoid implicit integers.
74       Use 2L or 2.0 to avoid implicit integers.
75       Use 1L or 1.0 to avoid implicit integers.
76       Use 1L or 1.0 to avoid implicit integers.
77       Use 1L or 1.0 to avoid implicit integers.
78       Use 0L or 0.0 to avoid implicit integers.
79       Use 0L or 0.0 to avoid implicit integers.
80       Use 0L or 0.0 to avoid implicit integers.
81       Use 1L or 1.0 to avoid implicit integers.
82       Use 1L or 1.0 to avoid implicit integers.
83       Use 1L or 1.0 to avoid implicit integers.
84       Use 0L or 0.0 to avoid implicit integers.
85       Use 0L or 0.0 to avoid implicit integers.
86       Use 0L or 0.0 to avoid implicit integers.
87       Use 1L or 1.0 to avoid implicit integers.
88       Use 1L or 1.0 to avoid implicit integers.
                                                                          filename
1  /Users/serdarbalci/Documents/GitHub/ClinicoPathJamoviModule/R/jjwithinstats.b.R
2  /Users/serdarbalci/Documents/GitHub/ClinicoPathJamoviModule/R/jjwithinstats.b.R
3  /Users/serdarbalci/Documents/GitHub/ClinicoPathJamoviModule/R/jjwithinstats.b.R
4  /Users/serdarbalci/Documents/GitHub/ClinicoPathJamoviModule/R/jjwithinstats.b.R
5  /Users/serdarbalci/Documents/GitHub/ClinicoPathJamoviModule/R/jjwithinstats.b.R
6  /Users/serdarbalci/Documents/GitHub/ClinicoPathJamoviModule/R/jjwithinstats.b.R
7  /Users/serdarbalci/Documents/GitHub/ClinicoPathJamoviModule/R/jjwithinstats.b.R
8  /Users/serdarbalci/Documents/GitHub/ClinicoPathJamoviModule/R/jjwithinstats.b.R
9  /Users/serdarbalci/Documents/GitHub/ClinicoPathJamoviModule/R/jjwithinstats.b.R
10 /Users/serdarbalci/Documents/GitHub/ClinicoPathJamoviModule/R/jjwithinstats.b.R
11 /Users/serdarbalci/Documents/GitHub/ClinicoPathJamoviModule/R/jjwithinstats.b.R
12 /Users/serdarbalci/Documents/GitHub/ClinicoPathJamoviModule/R/jjwithinstats.b.R
13 /Users/serdarbalci/Documents/GitHub/ClinicoPathJamoviModule/R/jjwithinstats.b.R
14 /Users/serdarbalci/Documents/GitHub/ClinicoPathJamoviModule/R/jjwithinstats.b.R
15 /Users/serdarbalci/Documents/GitHub/ClinicoPathJamoviModule/R/jjwithinstats.b.R
16 /Users/serdarbalci/Documents/GitHub/ClinicoPathJamoviModule/R/jjwithinstats.b.R
17 /Users/serdarbalci/Documents/GitHub/ClinicoPathJamoviModule/R/jjwithinstats.b.R
18 /Users/serdarbalci/Documents/GitHub/ClinicoPathJamoviModule/R/jjwithinstats.b.R
19 /Users/serdarbalci/Documents/GitHub/ClinicoPathJamoviModule/R/jjwithinstats.b.R
20 /Users/serdarbalci/Documents/GitHub/ClinicoPathJamoviModule/R/jjwithinstats.b.R
21 /Users/serdarbalci/Documents/GitHub/ClinicoPathJamoviModule/R/jjwithinstats.b.R
22 /Users/serdarbalci/Documents/GitHub/ClinicoPathJamoviModule/R/jjwithinstats.b.R
23 /Users/serdarbalci/Documents/GitHub/ClinicoPathJamoviModule/R/jjwithinstats.b.R
24 /Users/serdarbalci/Documents/GitHub/ClinicoPathJamoviModule/R/jjwithinstats.b.R
25 /Users/serdarbalci/Documents/GitHub/ClinicoPathJamoviModule/R/jjwithinstats.b.R
26 /Users/serdarbalci/Documents/GitHub/ClinicoPathJamoviModule/R/jjwithinstats.b.R
27 /Users/serdarbalci/Documents/GitHub/ClinicoPathJamoviModule/R/jjwithinstats.b.R
28 /Users/serdarbalci/Documents/GitHub/ClinicoPathJamoviModule/R/jjwithinstats.b.R
29 /Users/serdarbalci/Documents/GitHub/ClinicoPathJamoviModule/R/jjwithinstats.b.R
30 /Users/serdarbalci/Documents/GitHub/ClinicoPathJamoviModule/R/jjwithinstats.b.R
31 /Users/serdarbalci/Documents/GitHub/ClinicoPathJamoviModule/R/jjwithinstats.b.R
32 /Users/serdarbalci/Documents/GitHub/ClinicoPathJamoviModule/R/jjwithinstats.b.R
33 /Users/serdarbalci/Documents/GitHub/ClinicoPathJamoviModule/R/jjwithinstats.b.R
34 /Users/serdarbalci/Documents/GitHub/ClinicoPathJamoviModule/R/jjwithinstats.b.R
35 /Users/serdarbalci/Documents/GitHub/ClinicoPathJamoviModule/R/jjwithinstats.b.R
36 /Users/serdarbalci/Documents/GitHub/ClinicoPathJamoviModule/R/jjwithinstats.b.R
37 /Users/serdarbalci/Documents/GitHub/ClinicoPathJamoviModule/R/jjwithinstats.b.R
38 /Users/serdarbalci/Documents/GitHub/ClinicoPathJamoviModule/R/jjwithinstats.b.R
39 /Users/serdarbalci/Documents/GitHub/ClinicoPathJamoviModule/R/jjwithinstats.b.R
40 /Users/serdarbalci/Documents/GitHub/ClinicoPathJamoviModule/R/jjwithinstats.b.R
41 /Users/serdarbalci/Documents/GitHub/ClinicoPathJamoviModule/R/jjwithinstats.b.R
42 /Users/serdarbalci/Documents/GitHub/ClinicoPathJamoviModule/R/jjwithinstats.b.R
43 /Users/serdarbalci/Documents/GitHub/ClinicoPathJamoviModule/R/jjwithinstats.b.R
44 /Users/serdarbalci/Documents/GitHub/ClinicoPathJamoviModule/R/jjwithinstats.b.R
45 /Users/serdarbalci/Documents/GitHub/ClinicoPathJamoviModule/R/jjwithinstats.b.R
46 /Users/serdarbalci/Documents/GitHub/ClinicoPathJamoviModule/R/jjwithinstats.b.R
47 /Users/serdarbalci/Documents/GitHub/ClinicoPathJamoviModule/R/jjwithinstats.b.R
48 /Users/serdarbalci/Documents/GitHub/ClinicoPathJamoviModule/R/jjwithinstats.b.R
49 /Users/serdarbalci/Documents/GitHub/ClinicoPathJamoviModule/R/jjwithinstats.b.R
50 /Users/serdarbalci/Documents/GitHub/ClinicoPathJamoviModule/R/jjwithinstats.b.R
51 /Users/serdarbalci/Documents/GitHub/ClinicoPathJamoviModule/R/jjwithinstats.b.R
52 /Users/serdarbalci/Documents/GitHub/ClinicoPathJamoviModule/R/jjwithinstats.b.R
53 /Users/serdarbalci/Documents/GitHub/ClinicoPathJamoviModule/R/jjwithinstats.b.R
54 /Users/serdarbalci/Documents/GitHub/ClinicoPathJamoviModule/R/jjwithinstats.b.R
55 /Users/serdarbalci/Documents/GitHub/ClinicoPathJamoviModule/R/jjwithinstats.b.R
56 /Users/serdarbalci/Documents/GitHub/ClinicoPathJamoviModule/R/jjwithinstats.b.R
57 /Users/serdarbalci/Documents/GitHub/ClinicoPathJamoviModule/R/jjwithinstats.b.R
58 /Users/serdarbalci/Documents/GitHub/ClinicoPathJamoviModule/R/jjwithinstats.b.R
59 /Users/serdarbalci/Documents/GitHub/ClinicoPathJamoviModule/R/jjwithinstats.b.R
   line_number                  linter
1          190 implicit_integer_linter
2          191 implicit_integer_linter
3          199 implicit_integer_linter
4          201 implicit_integer_linter
5          201 implicit_integer_linter
6          202 implicit_integer_linter
7          202 implicit_integer_linter
8          258 implicit_integer_linter
9          282 implicit_integer_linter
10         312 implicit_integer_linter
11         331 implicit_integer_linter
12         336 implicit_integer_linter
13         356 implicit_integer_linter
14         357 implicit_integer_linter
15         419 implicit_integer_linter
16         421 implicit_integer_linter
17         454 implicit_integer_linter
18         459 implicit_integer_linter
19         475 implicit_integer_linter
20         486 implicit_integer_linter
21         512 implicit_integer_linter
22         519 implicit_integer_linter
23         520 implicit_integer_linter
24         520 implicit_integer_linter
25         522 implicit_integer_linter
26         524 implicit_integer_linter
27         593 implicit_integer_linter
28         616 implicit_integer_linter
29         678 implicit_integer_linter
30         678 implicit_integer_linter
31         680 implicit_integer_linter
32         689 implicit_integer_linter
33         699 implicit_integer_linter
34         703 implicit_integer_linter
35         730 implicit_integer_linter
36         742 implicit_integer_linter
37         746 implicit_integer_linter
38         756 implicit_integer_linter
39         832 implicit_integer_linter
40         839 implicit_integer_linter
41         843 implicit_integer_linter
42         845 implicit_integer_linter
43         851 implicit_integer_linter
44         855 implicit_integer_linter
45         857 implicit_integer_linter
46         861 implicit_integer_linter
47         863 implicit_integer_linter
48         890 implicit_integer_linter
49         904 implicit_integer_linter
50         905 implicit_integer_linter
51         956 implicit_integer_linter
52        1097 implicit_integer_linter
53        1125 implicit_integer_linter
54        1198 implicit_integer_linter
55        1268 implicit_integer_linter
56        1363 implicit_integer_linter
57        1372 implicit_integer_linter
58        1407 implicit_integer_linter
59        1486 implicit_integer_linter
                                         message
1  Use 650L or 650.0 to avoid implicit integers.
2  Use 450L or 450.0 to avoid implicit integers.
3      Use 2L or 2.0 to avoid implicit integers.
4      Use 1L or 1.0 to avoid implicit integers.
5    Use -2L or -2.0 to avoid implicit integers.
6      Use 1L or 1.0 to avoid implicit integers.
7    Use -2L or -2.0 to avoid implicit integers.
8      Use 0L or 0.0 to avoid implicit integers.
9      Use 2L or 2.0 to avoid implicit integers.
10     Use 2L or 2.0 to avoid implicit integers.
11     Use 2L or 2.0 to avoid implicit integers.
12     Use 2L or 2.0 to avoid implicit integers.
13     Use 0L or 0.0 to avoid implicit integers.
14     Use 1L or 1.0 to avoid implicit integers.
15     Use 0L or 0.0 to avoid implicit integers.
16     Use 2L or 2.0 to avoid implicit integers.
17     Use 3L or 3.0 to avoid implicit integers.
18     Use 2L or 2.0 to avoid implicit integers.
19   Use 10L or 10.0 to avoid implicit integers.
20     Use 4L or 4.0 to avoid implicit integers.
21     Use 5L or 5.0 to avoid implicit integers.
22     Use 0L or 0.0 to avoid implicit integers.
23     Use 3L or 3.0 to avoid implicit integers.
24     Use 3L or 3.0 to avoid implicit integers.
25     Use 0L or 0.0 to avoid implicit integers.
26     Use 1L or 1.0 to avoid implicit integers.
27     Use 0L or 0.0 to avoid implicit integers.
28     Use 0L or 0.0 to avoid implicit integers.
29     Use 1L or 1.0 to avoid implicit integers.
30 Use 100L or 100.0 to avoid implicit integers.
31     Use 3L or 3.0 to avoid implicit integers.
32     Use 1L or 1.0 to avoid implicit integers.
33   Use 50L or 50.0 to avoid implicit integers.
34     Use 1L or 1.0 to avoid implicit integers.
35     Use 1L or 1.0 to avoid implicit integers.
36     Use 0L or 0.0 to avoid implicit integers.
37     Use 0L or 0.0 to avoid implicit integers.
38     Use 0L or 0.0 to avoid implicit integers.
39     Use 0L or 0.0 to avoid implicit integers.
40     Use 0L or 0.0 to avoid implicit integers.
41     Use 3L or 3.0 to avoid implicit integers.
42     Use 0L or 0.0 to avoid implicit integers.
43     Use 0L or 0.0 to avoid implicit integers.
44     Use 5L or 5.0 to avoid implicit integers.
45     Use 0L or 0.0 to avoid implicit integers.
46     Use 1L or 1.0 to avoid implicit integers.
47     Use 0L or 0.0 to avoid implicit integers.
48     Use 2L or 2.0 to avoid implicit integers.
49     Use 2L or 2.0 to avoid implicit integers.
50     Use 2L or 2.0 to avoid implicit integers.
51     Use 0L or 0.0 to avoid implicit integers.
52     Use 0L or 0.0 to avoid implicit integers.
53     Use 0L or 0.0 to avoid implicit integers.
54     Use 2L or 2.0 to avoid implicit integers.
55     Use 0L or 0.0 to avoid implicit integers.
56     Use 1L or 1.0 to avoid implicit integers.
57     Use 2L or 2.0 to avoid implicit integers.
58     Use 3L or 3.0 to avoid implicit integers.
59     Use 0L or 0.0 to avoid implicit integers.
                                                                           filename
1  /Users/serdarbalci/Documents/GitHub/ClinicoPathJamoviModule/R/jjdotplotstats.b.R
2  /Users/serdarbalci/Documents/GitHub/ClinicoPathJamoviModule/R/jjdotplotstats.b.R
3  /Users/serdarbalci/Documents/GitHub/ClinicoPathJamoviModule/R/jjdotplotstats.b.R
4  /Users/serdarbalci/Documents/GitHub/ClinicoPathJamoviModule/R/jjdotplotstats.b.R
5  /Users/serdarbalci/Documents/GitHub/ClinicoPathJamoviModule/R/jjdotplotstats.b.R
6  /Users/serdarbalci/Documents/GitHub/ClinicoPathJamoviModule/R/jjdotplotstats.b.R
7  /Users/serdarbalci/Documents/GitHub/ClinicoPathJamoviModule/R/jjdotplotstats.b.R
8  /Users/serdarbalci/Documents/GitHub/ClinicoPathJamoviModule/R/jjdotplotstats.b.R
9  /Users/serdarbalci/Documents/GitHub/ClinicoPathJamoviModule/R/jjdotplotstats.b.R
10 /Users/serdarbalci/Documents/GitHub/ClinicoPathJamoviModule/R/jjdotplotstats.b.R
11 /Users/serdarbalci/Documents/GitHub/ClinicoPathJamoviModule/R/jjdotplotstats.b.R
12 /Users/serdarbalci/Documents/GitHub/ClinicoPathJamoviModule/R/jjdotplotstats.b.R
13 /Users/serdarbalci/Documents/GitHub/ClinicoPathJamoviModule/R/jjdotplotstats.b.R
14 /Users/serdarbalci/Documents/GitHub/ClinicoPathJamoviModule/R/jjdotplotstats.b.R
15 /Users/serdarbalci/Documents/GitHub/ClinicoPathJamoviModule/R/jjdotplotstats.b.R
16 /Users/serdarbalci/Documents/GitHub/ClinicoPathJamoviModule/R/jjdotplotstats.b.R
17 /Users/serdarbalci/Documents/GitHub/ClinicoPathJamoviModule/R/jjdotplotstats.b.R
18 /Users/serdarbalci/Documents/GitHub/ClinicoPathJamoviModule/R/jjdotplotstats.b.R
19 /Users/serdarbalci/Documents/GitHub/ClinicoPathJamoviModule/R/jjdotplotstats.b.R
20 /Users/serdarbalci/Documents/GitHub/ClinicoPathJamoviModule/R/jjdotplotstats.b.R
21 /Users/serdarbalci/Documents/GitHub/ClinicoPathJamoviModule/R/jjdotplotstats.b.R
22 /Users/serdarbalci/Documents/GitHub/ClinicoPathJamoviModule/R/jjdotplotstats.b.R
23 /Users/serdarbalci/Documents/GitHub/ClinicoPathJamoviModule/R/jjdotplotstats.b.R
24 /Users/serdarbalci/Documents/GitHub/ClinicoPathJamoviModule/R/jjdotplotstats.b.R
25 /Users/serdarbalci/Documents/GitHub/ClinicoPathJamoviModule/R/jjdotplotstats.b.R
26 /Users/serdarbalci/Documents/GitHub/ClinicoPathJamoviModule/R/jjdotplotstats.b.R
27 /Users/serdarbalci/Documents/GitHub/ClinicoPathJamoviModule/R/jjdotplotstats.b.R
28 /Users/serdarbalci/Documents/GitHub/ClinicoPathJamoviModule/R/jjdotplotstats.b.R
29 /Users/serdarbalci/Documents/GitHub/ClinicoPathJamoviModule/R/jjdotplotstats.b.R
30 /Users/serdarbalci/Documents/GitHub/ClinicoPathJamoviModule/R/jjdotplotstats.b.R
31 /Users/serdarbalci/Documents/GitHub/ClinicoPathJamoviModule/R/jjdotplotstats.b.R
32 /Users/serdarbalci/Documents/GitHub/ClinicoPathJamoviModule/R/jjdotplotstats.b.R
33 /Users/serdarbalci/Documents/GitHub/ClinicoPathJamoviModule/R/jjdotplotstats.b.R
   line_number                  linter
1           93 implicit_integer_linter
2          111 implicit_integer_linter
3          112 implicit_integer_linter
4          146 implicit_integer_linter
5          170 implicit_integer_linter
6          179 implicit_integer_linter
7          179 implicit_integer_linter
8          186 implicit_integer_linter
9          194 implicit_integer_linter
10         207 implicit_integer_linter
11         207 implicit_integer_linter
12         210 implicit_integer_linter
13         228 implicit_integer_linter
14         291 implicit_integer_linter
15         297 implicit_integer_linter
16         298 implicit_integer_linter
17         300 implicit_integer_linter
18         326 implicit_integer_linter
19         330 implicit_integer_linter
20         342 implicit_integer_linter
21         342 implicit_integer_linter
22         343 implicit_integer_linter
23         344 implicit_integer_linter
24         379 implicit_integer_linter
25         385 implicit_integer_linter
26         397 implicit_integer_linter
27         404 implicit_integer_linter
28         523 implicit_integer_linter
29         527 implicit_integer_linter
30         547 implicit_integer_linter
31         556 implicit_integer_linter
32         743 implicit_integer_linter
33         965 implicit_integer_linter
                                           message
1        Use 0L or 0.0 to avoid implicit integers.
2    Use 650L or 650.0 to avoid implicit integers.
3    Use 450L or 450.0 to avoid implicit integers.
4        Use 0L or 0.0 to avoid implicit integers.
5        Use 2L or 2.0 to avoid implicit integers.
6        Use 0L or 0.0 to avoid implicit integers.
7        Use 1L or 1.0 to avoid implicit integers.
8      Use 30L or 30.0 to avoid implicit integers.
9      Use 10L or 10.0 to avoid implicit integers.
10       Use 0L or 0.0 to avoid implicit integers.
11       Use 2L or 2.0 to avoid implicit integers.
12       Use 1L or 1.0 to avoid implicit integers.
13       Use 2L or 2.0 to avoid implicit integers.
14       Use 2L or 2.0 to avoid implicit integers.
15       Use 2L or 2.0 to avoid implicit integers.
16       Use 2L or 2.0 to avoid implicit integers.
17       Use 2L or 2.0 to avoid implicit integers.
18       Use 0L or 0.0 to avoid implicit integers.
19       Use 1L or 1.0 to avoid implicit integers.
20       Use 0L or 0.0 to avoid implicit integers.
21       Use 0L or 0.0 to avoid implicit integers.
22       Use 4L or 4.0 to avoid implicit integers.
23     Use 60L or 60.0 to avoid implicit integers.
24       Use 3L or 3.0 to avoid implicit integers.
25       Use 2L or 2.0 to avoid implicit integers.
26       Use 0L or 0.0 to avoid implicit integers.
27       Use 0L or 0.0 to avoid implicit integers.
28       Use 0L or 0.0 to avoid implicit integers.
29       Use 1L or 1.0 to avoid implicit integers.
30     Use 10L or 10.0 to avoid implicit integers.
31 Use 1000L or 1000.0 to avoid implicit integers.
32       Use 0L or 0.0 to avoid implicit integers.
33       Use 0L or 0.0 to avoid implicit integers.
                                                                       filename
1  /Users/serdarbalci/Documents/GitHub/ClinicoPathJamoviModule/R/jjbarstats.b.R
2  /Users/serdarbalci/Documents/GitHub/ClinicoPathJamoviModule/R/jjbarstats.b.R
3  /Users/serdarbalci/Documents/GitHub/ClinicoPathJamoviModule/R/jjbarstats.b.R
4  /Users/serdarbalci/Documents/GitHub/ClinicoPathJamoviModule/R/jjbarstats.b.R
5  /Users/serdarbalci/Documents/GitHub/ClinicoPathJamoviModule/R/jjbarstats.b.R
6  /Users/serdarbalci/Documents/GitHub/ClinicoPathJamoviModule/R/jjbarstats.b.R
7  /Users/serdarbalci/Documents/GitHub/ClinicoPathJamoviModule/R/jjbarstats.b.R
8  /Users/serdarbalci/Documents/GitHub/ClinicoPathJamoviModule/R/jjbarstats.b.R
9  /Users/serdarbalci/Documents/GitHub/ClinicoPathJamoviModule/R/jjbarstats.b.R
10 /Users/serdarbalci/Documents/GitHub/ClinicoPathJamoviModule/R/jjbarstats.b.R
11 /Users/serdarbalci/Documents/GitHub/ClinicoPathJamoviModule/R/jjbarstats.b.R
12 /Users/serdarbalci/Documents/GitHub/ClinicoPathJamoviModule/R/jjbarstats.b.R
13 /Users/serdarbalci/Documents/GitHub/ClinicoPathJamoviModule/R/jjbarstats.b.R
14 /Users/serdarbalci/Documents/GitHub/ClinicoPathJamoviModule/R/jjbarstats.b.R
15 /Users/serdarbalci/Documents/GitHub/ClinicoPathJamoviModule/R/jjbarstats.b.R
16 /Users/serdarbalci/Documents/GitHub/ClinicoPathJamoviModule/R/jjbarstats.b.R
17 /Users/serdarbalci/Documents/GitHub/ClinicoPathJamoviModule/R/jjbarstats.b.R
18 /Users/serdarbalci/Documents/GitHub/ClinicoPathJamoviModule/R/jjbarstats.b.R
19 /Users/serdarbalci/Documents/GitHub/ClinicoPathJamoviModule/R/jjbarstats.b.R
20 /Users/serdarbalci/Documents/GitHub/ClinicoPathJamoviModule/R/jjbarstats.b.R
21 /Users/serdarbalci/Documents/GitHub/ClinicoPathJamoviModule/R/jjbarstats.b.R
22 /Users/serdarbalci/Documents/GitHub/ClinicoPathJamoviModule/R/jjbarstats.b.R
23 /Users/serdarbalci/Documents/GitHub/ClinicoPathJamoviModule/R/jjbarstats.b.R
24 /Users/serdarbalci/Documents/GitHub/ClinicoPathJamoviModule/R/jjbarstats.b.R
25 /Users/serdarbalci/Documents/GitHub/ClinicoPathJamoviModule/R/jjbarstats.b.R
26 /Users/serdarbalci/Documents/GitHub/ClinicoPathJamoviModule/R/jjbarstats.b.R
27 /Users/serdarbalci/Documents/GitHub/ClinicoPathJamoviModule/R/jjbarstats.b.R
28 /Users/serdarbalci/Documents/GitHub/ClinicoPathJamoviModule/R/jjbarstats.b.R
29 /Users/serdarbalci/Documents/GitHub/ClinicoPathJamoviModule/R/jjbarstats.b.R
30 /Users/serdarbalci/Documents/GitHub/ClinicoPathJamoviModule/R/jjbarstats.b.R
31 /Users/serdarbalci/Documents/GitHub/ClinicoPathJamoviModule/R/jjbarstats.b.R
32 /Users/serdarbalci/Documents/GitHub/ClinicoPathJamoviModule/R/jjbarstats.b.R
33 /Users/serdarbalci/Documents/GitHub/ClinicoPathJamoviModule/R/jjbarstats.b.R
34 /Users/serdarbalci/Documents/GitHub/ClinicoPathJamoviModule/R/jjbarstats.b.R
35 /Users/serdarbalci/Documents/GitHub/ClinicoPathJamoviModule/R/jjbarstats.b.R
36 /Users/serdarbalci/Documents/GitHub/ClinicoPathJamoviModule/R/jjbarstats.b.R
37 /Users/serdarbalci/Documents/GitHub/ClinicoPathJamoviModule/R/jjbarstats.b.R
38 /Users/serdarbalci/Documents/GitHub/ClinicoPathJamoviModule/R/jjbarstats.b.R
39 /Users/serdarbalci/Documents/GitHub/ClinicoPathJamoviModule/R/jjbarstats.b.R
40 /Users/serdarbalci/Documents/GitHub/ClinicoPathJamoviModule/R/jjbarstats.b.R
41 /Users/serdarbalci/Documents/GitHub/ClinicoPathJamoviModule/R/jjbarstats.b.R
42 /Users/serdarbalci/Documents/GitHub/ClinicoPathJamoviModule/R/jjbarstats.b.R
43 /Users/serdarbalci/Documents/GitHub/ClinicoPathJamoviModule/R/jjbarstats.b.R
44 /Users/serdarbalci/Documents/GitHub/ClinicoPathJamoviModule/R/jjbarstats.b.R
45 /Users/serdarbalci/Documents/GitHub/ClinicoPathJamoviModule/R/jjbarstats.b.R
46 /Users/serdarbalci/Documents/GitHub/ClinicoPathJamoviModule/R/jjbarstats.b.R
47 /Users/serdarbalci/Documents/GitHub/ClinicoPathJamoviModule/R/jjbarstats.b.R
48 /Users/serdarbalci/Documents/GitHub/ClinicoPathJamoviModule/R/jjbarstats.b.R
49 /Users/serdarbalci/Documents/GitHub/ClinicoPathJamoviModule/R/jjbarstats.b.R
50 /Users/serdarbalci/Documents/GitHub/ClinicoPathJamoviModule/R/jjbarstats.b.R
51 /Users/serdarbalci/Documents/GitHub/ClinicoPathJamoviModule/R/jjbarstats.b.R
52 /Users/serdarbalci/Documents/GitHub/ClinicoPathJamoviModule/R/jjbarstats.b.R
53 /Users/serdarbalci/Documents/GitHub/ClinicoPathJamoviModule/R/jjbarstats.b.R
54 /Users/serdarbalci/Documents/GitHub/ClinicoPathJamoviModule/R/jjbarstats.b.R
55 /Users/serdarbalci/Documents/GitHub/ClinicoPathJamoviModule/R/jjbarstats.b.R
56 /Users/serdarbalci/Documents/GitHub/ClinicoPathJamoviModule/R/jjbarstats.b.R
57 /Users/serdarbalci/Documents/GitHub/ClinicoPathJamoviModule/R/jjbarstats.b.R
58 /Users/serdarbalci/Documents/GitHub/ClinicoPathJamoviModule/R/jjbarstats.b.R
59 /Users/serdarbalci/Documents/GitHub/ClinicoPathJamoviModule/R/jjbarstats.b.R
60 /Users/serdarbalci/Documents/GitHub/ClinicoPathJamoviModule/R/jjbarstats.b.R
61 /Users/serdarbalci/Documents/GitHub/ClinicoPathJamoviModule/R/jjbarstats.b.R
62 /Users/serdarbalci/Documents/GitHub/ClinicoPathJamoviModule/R/jjbarstats.b.R
63 /Users/serdarbalci/Documents/GitHub/ClinicoPathJamoviModule/R/jjbarstats.b.R
64 /Users/serdarbalci/Documents/GitHub/ClinicoPathJamoviModule/R/jjbarstats.b.R
65 /Users/serdarbalci/Documents/GitHub/ClinicoPathJamoviModule/R/jjbarstats.b.R
66 /Users/serdarbalci/Documents/GitHub/ClinicoPathJamoviModule/R/jjbarstats.b.R
67 /Users/serdarbalci/Documents/GitHub/ClinicoPathJamoviModule/R/jjbarstats.b.R
68 /Users/serdarbalci/Documents/GitHub/ClinicoPathJamoviModule/R/jjbarstats.b.R
69 /Users/serdarbalci/Documents/GitHub/ClinicoPathJamoviModule/R/jjbarstats.b.R
70 /Users/serdarbalci/Documents/GitHub/ClinicoPathJamoviModule/R/jjbarstats.b.R
71 /Users/serdarbalci/Documents/GitHub/ClinicoPathJamoviModule/R/jjbarstats.b.R
72 /Users/serdarbalci/Documents/GitHub/ClinicoPathJamoviModule/R/jjbarstats.b.R
73 /Users/serdarbalci/Documents/GitHub/ClinicoPathJamoviModule/R/jjbarstats.b.R
74 /Users/serdarbalci/Documents/GitHub/ClinicoPathJamoviModule/R/jjbarstats.b.R
75 /Users/serdarbalci/Documents/GitHub/ClinicoPathJamoviModule/R/jjbarstats.b.R
76 /Users/serdarbalci/Documents/GitHub/ClinicoPathJamoviModule/R/jjbarstats.b.R
77 /Users/serdarbalci/Documents/GitHub/ClinicoPathJamoviModule/R/jjbarstats.b.R
78 /Users/serdarbalci/Documents/GitHub/ClinicoPathJamoviModule/R/jjbarstats.b.R
   line_number                  linter
1           39 implicit_integer_linter
2           49 implicit_integer_linter
3           59 implicit_integer_linter
4           71 implicit_integer_linter
5           84 implicit_integer_linter
6           86 implicit_integer_linter
7           88 implicit_integer_linter
8           91 implicit_integer_linter
9          105 implicit_integer_linter
10         108 implicit_integer_linter
11         109 implicit_integer_linter
12         113 implicit_integer_linter
13         138 implicit_integer_linter
14         153 implicit_integer_linter
15         171 implicit_integer_linter
16         183 implicit_integer_linter
17         208 implicit_integer_linter
18         227 implicit_integer_linter
19         248 implicit_integer_linter
20         321 implicit_integer_linter
21         375 implicit_integer_linter
22         382 implicit_integer_linter
23         409 implicit_integer_linter
24         415 implicit_integer_linter
25         424 implicit_integer_linter
26         426 implicit_integer_linter
27         431 implicit_integer_linter
28         440 implicit_integer_linter
29         468 implicit_integer_linter
30         485 implicit_integer_linter
31         486 implicit_integer_linter
32         486 implicit_integer_linter
33         491 implicit_integer_linter
34         503 implicit_integer_linter
35         516 implicit_integer_linter
36         520 implicit_integer_linter
37         522 implicit_integer_linter
38         524 implicit_integer_linter
39         524 implicit_integer_linter
40         525 implicit_integer_linter
41         525 implicit_integer_linter
42         525 implicit_integer_linter
43         635 implicit_integer_linter
44         640 implicit_integer_linter
45         741 implicit_integer_linter
46         746 implicit_integer_linter
47         758 implicit_integer_linter
48         827 implicit_integer_linter
49         828 implicit_integer_linter
50         831 implicit_integer_linter
51         839 implicit_integer_linter
52         847 implicit_integer_linter
53         920 implicit_integer_linter
54         943 implicit_integer_linter
55         943 implicit_integer_linter
56         955 implicit_integer_linter
57        1064 implicit_integer_linter
58        1169 implicit_integer_linter
59        1170 implicit_integer_linter
60        1223 implicit_integer_linter
61        1232 implicit_integer_linter
62        1246 implicit_integer_linter
63        1263 implicit_integer_linter
64        1293 implicit_integer_linter
65        1294 implicit_integer_linter
66        1295 implicit_integer_linter
67        1295 implicit_integer_linter
68        1295 implicit_integer_linter
69        1316 implicit_integer_linter
70        1320 implicit_integer_linter
71        1322 implicit_integer_linter
72        1330 implicit_integer_linter
73        1392 implicit_integer_linter
74        1434 implicit_integer_linter
75        1476 implicit_integer_linter
76        1478 implicit_integer_linter
77        1551 implicit_integer_linter
78        1557 implicit_integer_linter
                                         message
1      Use 1L or 1.0 to avoid implicit integers.
2      Use 0L or 0.0 to avoid implicit integers.
3      Use 1L or 1.0 to avoid implicit integers.
4      Use 1L or 1.0 to avoid implicit integers.
5      Use 1L or 1.0 to avoid implicit integers.
6  Use 450L or 450.0 to avoid implicit integers.
7  Use 450L or 450.0 to avoid implicit integers.
8  Use 650L or 650.0 to avoid implicit integers.
9  Use 650L or 650.0 to avoid implicit integers.
10     Use 1L or 1.0 to avoid implicit integers.
11 Use 450L or 450.0 to avoid implicit integers.
12 Use 450L or 450.0 to avoid implicit integers.
13     Use 0L or 0.0 to avoid implicit integers.
14   Use 10L or 10.0 to avoid implicit integers.
15     Use 0L or 0.0 to avoid implicit integers.
16     Use 0L or 0.0 to avoid implicit integers.
17     Use 2L or 2.0 to avoid implicit integers.
18     Use 2L or 2.0 to avoid implicit integers.
19     Use 0L or 0.0 to avoid implicit integers.
20     Use 1L or 1.0 to avoid implicit integers.
21     Use 2L or 2.0 to avoid implicit integers.
22 Use 100L or 100.0 to avoid implicit integers.
23     Use 1L or 1.0 to avoid implicit integers.
24     Use 0L or 0.0 to avoid implicit integers.
25     Use 1L or 1.0 to avoid implicit integers.
26   Use -1L or -1.0 to avoid implicit integers.
27     Use 3L or 3.0 to avoid implicit integers.
28     Use 3L or 3.0 to avoid implicit integers.
29     Use 5L or 5.0 to avoid implicit integers.
30 Use 100L or 100.0 to avoid implicit integers.
31     Use 1L or 1.0 to avoid implicit integers.
32     Use 2L or 2.0 to avoid implicit integers.
33     Use 1L or 1.0 to avoid implicit integers.
34     Use 0L or 0.0 to avoid implicit integers.
35     Use 5L or 5.0 to avoid implicit integers.
36     Use 5L or 5.0 to avoid implicit integers.
37     Use 5L or 5.0 to avoid implicit integers.
38 Use 100L or 100.0 to avoid implicit integers.
39     Use 1L or 1.0 to avoid implicit integers.
40     Use 4L or 4.0 to avoid implicit integers.
41     Use 2L or 2.0 to avoid implicit integers.
42     Use 2L or 2.0 to avoid implicit integers.
43     Use 0L or 0.0 to avoid implicit integers.
44     Use 0L or 0.0 to avoid implicit integers.
45     Use 2L or 2.0 to avoid implicit integers.
46 Use 100L or 100.0 to avoid implicit integers.
47     Use 2L or 2.0 to avoid implicit integers.
48     Use 5L or 5.0 to avoid implicit integers.
49     Use 5L or 5.0 to avoid implicit integers.
50     Use 1L or 1.0 to avoid implicit integers.
51     Use 0L or 0.0 to avoid implicit integers.
52     Use 5L or 5.0 to avoid implicit integers.
53     Use 0L or 0.0 to avoid implicit integers.
54     Use 2L or 2.0 to avoid implicit integers.
55     Use 2L or 2.0 to avoid implicit integers.
56   Use 10L or 10.0 to avoid implicit integers.
57   Use 10L or 10.0 to avoid implicit integers.
58     Use 1L or 1.0 to avoid implicit integers.
59     Use 1L or 1.0 to avoid implicit integers.
60     Use 0L or 0.0 to avoid implicit integers.
61     Use 2L or 2.0 to avoid implicit integers.
62     Use 5L or 5.0 to avoid implicit integers.
63     Use 0L or 0.0 to avoid implicit integers.
64     Use 3L or 3.0 to avoid implicit integers.
65     Use 3L or 3.0 to avoid implicit integers.
66     Use 1L or 1.0 to avoid implicit integers.
67     Use 2L or 2.0 to avoid implicit integers.
68     Use 3L or 3.0 to avoid implicit integers.
69     Use 0L or 0.0 to avoid implicit integers.
70     Use 1L or 1.0 to avoid implicit integers.
71     Use 2L or 2.0 to avoid implicit integers.
72 Use 100L or 100.0 to avoid implicit integers.
73     Use 1L or 1.0 to avoid implicit integers.
74     Use 1L or 1.0 to avoid implicit integers.
75     Use 1L or 1.0 to avoid implicit integers.
76     Use 1L or 1.0 to avoid implicit integers.
77     Use 0L or 0.0 to avoid implicit integers.
78     Use 0L or 0.0 to avoid implicit integers.
                                                                                 filename
1   /Users/serdarbalci/Documents/GitHub/ClinicoPathJamoviModule/R/jjsegmentedtotalbar.b.R
2   /Users/serdarbalci/Documents/GitHub/ClinicoPathJamoviModule/R/jjsegmentedtotalbar.b.R
3   /Users/serdarbalci/Documents/GitHub/ClinicoPathJamoviModule/R/jjsegmentedtotalbar.b.R
4   /Users/serdarbalci/Documents/GitHub/ClinicoPathJamoviModule/R/jjsegmentedtotalbar.b.R
5   /Users/serdarbalci/Documents/GitHub/ClinicoPathJamoviModule/R/jjsegmentedtotalbar.b.R
6   /Users/serdarbalci/Documents/GitHub/ClinicoPathJamoviModule/R/jjsegmentedtotalbar.b.R
7   /Users/serdarbalci/Documents/GitHub/ClinicoPathJamoviModule/R/jjsegmentedtotalbar.b.R
8   /Users/serdarbalci/Documents/GitHub/ClinicoPathJamoviModule/R/jjsegmentedtotalbar.b.R
9   /Users/serdarbalci/Documents/GitHub/ClinicoPathJamoviModule/R/jjsegmentedtotalbar.b.R
10  /Users/serdarbalci/Documents/GitHub/ClinicoPathJamoviModule/R/jjsegmentedtotalbar.b.R
11  /Users/serdarbalci/Documents/GitHub/ClinicoPathJamoviModule/R/jjsegmentedtotalbar.b.R
12  /Users/serdarbalci/Documents/GitHub/ClinicoPathJamoviModule/R/jjsegmentedtotalbar.b.R
13  /Users/serdarbalci/Documents/GitHub/ClinicoPathJamoviModule/R/jjsegmentedtotalbar.b.R
14  /Users/serdarbalci/Documents/GitHub/ClinicoPathJamoviModule/R/jjsegmentedtotalbar.b.R
15  /Users/serdarbalci/Documents/GitHub/ClinicoPathJamoviModule/R/jjsegmentedtotalbar.b.R
16  /Users/serdarbalci/Documents/GitHub/ClinicoPathJamoviModule/R/jjsegmentedtotalbar.b.R
17  /Users/serdarbalci/Documents/GitHub/ClinicoPathJamoviModule/R/jjsegmentedtotalbar.b.R
18  /Users/serdarbalci/Documents/GitHub/ClinicoPathJamoviModule/R/jjsegmentedtotalbar.b.R
19  /Users/serdarbalci/Documents/GitHub/ClinicoPathJamoviModule/R/jjsegmentedtotalbar.b.R
20  /Users/serdarbalci/Documents/GitHub/ClinicoPathJamoviModule/R/jjsegmentedtotalbar.b.R
21  /Users/serdarbalci/Documents/GitHub/ClinicoPathJamoviModule/R/jjsegmentedtotalbar.b.R
22  /Users/serdarbalci/Documents/GitHub/ClinicoPathJamoviModule/R/jjsegmentedtotalbar.b.R
23  /Users/serdarbalci/Documents/GitHub/ClinicoPathJamoviModule/R/jjsegmentedtotalbar.b.R
24  /Users/serdarbalci/Documents/GitHub/ClinicoPathJamoviModule/R/jjsegmentedtotalbar.b.R
25  /Users/serdarbalci/Documents/GitHub/ClinicoPathJamoviModule/R/jjsegmentedtotalbar.b.R
26  /Users/serdarbalci/Documents/GitHub/ClinicoPathJamoviModule/R/jjsegmentedtotalbar.b.R
27  /Users/serdarbalci/Documents/GitHub/ClinicoPathJamoviModule/R/jjsegmentedtotalbar.b.R
28  /Users/serdarbalci/Documents/GitHub/ClinicoPathJamoviModule/R/jjsegmentedtotalbar.b.R
29  /Users/serdarbalci/Documents/GitHub/ClinicoPathJamoviModule/R/jjsegmentedtotalbar.b.R
30  /Users/serdarbalci/Documents/GitHub/ClinicoPathJamoviModule/R/jjsegmentedtotalbar.b.R
31  /Users/serdarbalci/Documents/GitHub/ClinicoPathJamoviModule/R/jjsegmentedtotalbar.b.R
32  /Users/serdarbalci/Documents/GitHub/ClinicoPathJamoviModule/R/jjsegmentedtotalbar.b.R
33  /Users/serdarbalci/Documents/GitHub/ClinicoPathJamoviModule/R/jjsegmentedtotalbar.b.R
34  /Users/serdarbalci/Documents/GitHub/ClinicoPathJamoviModule/R/jjsegmentedtotalbar.b.R
35  /Users/serdarbalci/Documents/GitHub/ClinicoPathJamoviModule/R/jjsegmentedtotalbar.b.R
36  /Users/serdarbalci/Documents/GitHub/ClinicoPathJamoviModule/R/jjsegmentedtotalbar.b.R
37  /Users/serdarbalci/Documents/GitHub/ClinicoPathJamoviModule/R/jjsegmentedtotalbar.b.R
38  /Users/serdarbalci/Documents/GitHub/ClinicoPathJamoviModule/R/jjsegmentedtotalbar.b.R
39  /Users/serdarbalci/Documents/GitHub/ClinicoPathJamoviModule/R/jjsegmentedtotalbar.b.R
40  /Users/serdarbalci/Documents/GitHub/ClinicoPathJamoviModule/R/jjsegmentedtotalbar.b.R
41  /Users/serdarbalci/Documents/GitHub/ClinicoPathJamoviModule/R/jjsegmentedtotalbar.b.R
42  /Users/serdarbalci/Documents/GitHub/ClinicoPathJamoviModule/R/jjsegmentedtotalbar.b.R
43  /Users/serdarbalci/Documents/GitHub/ClinicoPathJamoviModule/R/jjsegmentedtotalbar.b.R
44  /Users/serdarbalci/Documents/GitHub/ClinicoPathJamoviModule/R/jjsegmentedtotalbar.b.R
45  /Users/serdarbalci/Documents/GitHub/ClinicoPathJamoviModule/R/jjsegmentedtotalbar.b.R
46  /Users/serdarbalci/Documents/GitHub/ClinicoPathJamoviModule/R/jjsegmentedtotalbar.b.R
47  /Users/serdarbalci/Documents/GitHub/ClinicoPathJamoviModule/R/jjsegmentedtotalbar.b.R
48  /Users/serdarbalci/Documents/GitHub/ClinicoPathJamoviModule/R/jjsegmentedtotalbar.b.R
49  /Users/serdarbalci/Documents/GitHub/ClinicoPathJamoviModule/R/jjsegmentedtotalbar.b.R
50  /Users/serdarbalci/Documents/GitHub/ClinicoPathJamoviModule/R/jjsegmentedtotalbar.b.R
51  /Users/serdarbalci/Documents/GitHub/ClinicoPathJamoviModule/R/jjsegmentedtotalbar.b.R
52  /Users/serdarbalci/Documents/GitHub/ClinicoPathJamoviModule/R/jjsegmentedtotalbar.b.R
53  /Users/serdarbalci/Documents/GitHub/ClinicoPathJamoviModule/R/jjsegmentedtotalbar.b.R
54  /Users/serdarbalci/Documents/GitHub/ClinicoPathJamoviModule/R/jjsegmentedtotalbar.b.R
55  /Users/serdarbalci/Documents/GitHub/ClinicoPathJamoviModule/R/jjsegmentedtotalbar.b.R
56  /Users/serdarbalci/Documents/GitHub/ClinicoPathJamoviModule/R/jjsegmentedtotalbar.b.R
57  /Users/serdarbalci/Documents/GitHub/ClinicoPathJamoviModule/R/jjsegmentedtotalbar.b.R
58  /Users/serdarbalci/Documents/GitHub/ClinicoPathJamoviModule/R/jjsegmentedtotalbar.b.R
59  /Users/serdarbalci/Documents/GitHub/ClinicoPathJamoviModule/R/jjsegmentedtotalbar.b.R
60  /Users/serdarbalci/Documents/GitHub/ClinicoPathJamoviModule/R/jjsegmentedtotalbar.b.R
61  /Users/serdarbalci/Documents/GitHub/ClinicoPathJamoviModule/R/jjsegmentedtotalbar.b.R
62  /Users/serdarbalci/Documents/GitHub/ClinicoPathJamoviModule/R/jjsegmentedtotalbar.b.R
63  /Users/serdarbalci/Documents/GitHub/ClinicoPathJamoviModule/R/jjsegmentedtotalbar.b.R
64  /Users/serdarbalci/Documents/GitHub/ClinicoPathJamoviModule/R/jjsegmentedtotalbar.b.R
65  /Users/serdarbalci/Documents/GitHub/ClinicoPathJamoviModule/R/jjsegmentedtotalbar.b.R
66  /Users/serdarbalci/Documents/GitHub/ClinicoPathJamoviModule/R/jjsegmentedtotalbar.b.R
67  /Users/serdarbalci/Documents/GitHub/ClinicoPathJamoviModule/R/jjsegmentedtotalbar.b.R
68  /Users/serdarbalci/Documents/GitHub/ClinicoPathJamoviModule/R/jjsegmentedtotalbar.b.R
69  /Users/serdarbalci/Documents/GitHub/ClinicoPathJamoviModule/R/jjsegmentedtotalbar.b.R
70  /Users/serdarbalci/Documents/GitHub/ClinicoPathJamoviModule/R/jjsegmentedtotalbar.b.R
71  /Users/serdarbalci/Documents/GitHub/ClinicoPathJamoviModule/R/jjsegmentedtotalbar.b.R
72  /Users/serdarbalci/Documents/GitHub/ClinicoPathJamoviModule/R/jjsegmentedtotalbar.b.R
73  /Users/serdarbalci/Documents/GitHub/ClinicoPathJamoviModule/R/jjsegmentedtotalbar.b.R
74  /Users/serdarbalci/Documents/GitHub/ClinicoPathJamoviModule/R/jjsegmentedtotalbar.b.R
75  /Users/serdarbalci/Documents/GitHub/ClinicoPathJamoviModule/R/jjsegmentedtotalbar.b.R
76  /Users/serdarbalci/Documents/GitHub/ClinicoPathJamoviModule/R/jjsegmentedtotalbar.b.R
77  /Users/serdarbalci/Documents/GitHub/ClinicoPathJamoviModule/R/jjsegmentedtotalbar.b.R
78  /Users/serdarbalci/Documents/GitHub/ClinicoPathJamoviModule/R/jjsegmentedtotalbar.b.R
79  /Users/serdarbalci/Documents/GitHub/ClinicoPathJamoviModule/R/jjsegmentedtotalbar.b.R
80  /Users/serdarbalci/Documents/GitHub/ClinicoPathJamoviModule/R/jjsegmentedtotalbar.b.R
81  /Users/serdarbalci/Documents/GitHub/ClinicoPathJamoviModule/R/jjsegmentedtotalbar.b.R
82  /Users/serdarbalci/Documents/GitHub/ClinicoPathJamoviModule/R/jjsegmentedtotalbar.b.R
83  /Users/serdarbalci/Documents/GitHub/ClinicoPathJamoviModule/R/jjsegmentedtotalbar.b.R
84  /Users/serdarbalci/Documents/GitHub/ClinicoPathJamoviModule/R/jjsegmentedtotalbar.b.R
85  /Users/serdarbalci/Documents/GitHub/ClinicoPathJamoviModule/R/jjsegmentedtotalbar.b.R
86  /Users/serdarbalci/Documents/GitHub/ClinicoPathJamoviModule/R/jjsegmentedtotalbar.b.R
87  /Users/serdarbalci/Documents/GitHub/ClinicoPathJamoviModule/R/jjsegmentedtotalbar.b.R
88  /Users/serdarbalci/Documents/GitHub/ClinicoPathJamoviModule/R/jjsegmentedtotalbar.b.R
89  /Users/serdarbalci/Documents/GitHub/ClinicoPathJamoviModule/R/jjsegmentedtotalbar.b.R
90  /Users/serdarbalci/Documents/GitHub/ClinicoPathJamoviModule/R/jjsegmentedtotalbar.b.R
91  /Users/serdarbalci/Documents/GitHub/ClinicoPathJamoviModule/R/jjsegmentedtotalbar.b.R
92  /Users/serdarbalci/Documents/GitHub/ClinicoPathJamoviModule/R/jjsegmentedtotalbar.b.R
93  /Users/serdarbalci/Documents/GitHub/ClinicoPathJamoviModule/R/jjsegmentedtotalbar.b.R
94  /Users/serdarbalci/Documents/GitHub/ClinicoPathJamoviModule/R/jjsegmentedtotalbar.b.R
95  /Users/serdarbalci/Documents/GitHub/ClinicoPathJamoviModule/R/jjsegmentedtotalbar.b.R
96  /Users/serdarbalci/Documents/GitHub/ClinicoPathJamoviModule/R/jjsegmentedtotalbar.b.R
97  /Users/serdarbalci/Documents/GitHub/ClinicoPathJamoviModule/R/jjsegmentedtotalbar.b.R
98  /Users/serdarbalci/Documents/GitHub/ClinicoPathJamoviModule/R/jjsegmentedtotalbar.b.R
99  /Users/serdarbalci/Documents/GitHub/ClinicoPathJamoviModule/R/jjsegmentedtotalbar.b.R
100 /Users/serdarbalci/Documents/GitHub/ClinicoPathJamoviModule/R/jjsegmentedtotalbar.b.R
101 /Users/serdarbalci/Documents/GitHub/ClinicoPathJamoviModule/R/jjsegmentedtotalbar.b.R
102 /Users/serdarbalci/Documents/GitHub/ClinicoPathJamoviModule/R/jjsegmentedtotalbar.b.R
103 /Users/serdarbalci/Documents/GitHub/ClinicoPathJamoviModule/R/jjsegmentedtotalbar.b.R
104 /Users/serdarbalci/Documents/GitHub/ClinicoPathJamoviModule/R/jjsegmentedtotalbar.b.R
105 /Users/serdarbalci/Documents/GitHub/ClinicoPathJamoviModule/R/jjsegmentedtotalbar.b.R
106 /Users/serdarbalci/Documents/GitHub/ClinicoPathJamoviModule/R/jjsegmentedtotalbar.b.R
107 /Users/serdarbalci/Documents/GitHub/ClinicoPathJamoviModule/R/jjsegmentedtotalbar.b.R
108 /Users/serdarbalci/Documents/GitHub/ClinicoPathJamoviModule/R/jjsegmentedtotalbar.b.R
109 /Users/serdarbalci/Documents/GitHub/ClinicoPathJamoviModule/R/jjsegmentedtotalbar.b.R
110 /Users/serdarbalci/Documents/GitHub/ClinicoPathJamoviModule/R/jjsegmentedtotalbar.b.R
111 /Users/serdarbalci/Documents/GitHub/ClinicoPathJamoviModule/R/jjsegmentedtotalbar.b.R
112 /Users/serdarbalci/Documents/GitHub/ClinicoPathJamoviModule/R/jjsegmentedtotalbar.b.R
113 /Users/serdarbalci/Documents/GitHub/ClinicoPathJamoviModule/R/jjsegmentedtotalbar.b.R
114 /Users/serdarbalci/Documents/GitHub/ClinicoPathJamoviModule/R/jjsegmentedtotalbar.b.R
115 /Users/serdarbalci/Documents/GitHub/ClinicoPathJamoviModule/R/jjsegmentedtotalbar.b.R
116 /Users/serdarbalci/Documents/GitHub/ClinicoPathJamoviModule/R/jjsegmentedtotalbar.b.R
117 /Users/serdarbalci/Documents/GitHub/ClinicoPathJamoviModule/R/jjsegmentedtotalbar.b.R
118 /Users/serdarbalci/Documents/GitHub/ClinicoPathJamoviModule/R/jjsegmentedtotalbar.b.R
119 /Users/serdarbalci/Documents/GitHub/ClinicoPathJamoviModule/R/jjsegmentedtotalbar.b.R
    line_number                  linter
1            59 implicit_integer_linter
2            64 implicit_integer_linter
3            76 implicit_integer_linter
4           118 implicit_integer_linter
5           127 implicit_integer_linter
6           180 implicit_integer_linter
7           181 implicit_integer_linter
8           247 implicit_integer_linter
9           318 implicit_integer_linter
10          365 implicit_integer_linter
11          372 implicit_integer_linter
12          384 implicit_integer_linter
13          419 implicit_integer_linter
14          435 implicit_integer_linter
15          441 implicit_integer_linter
16          487 implicit_integer_linter
17          498 implicit_integer_linter
18          503 implicit_integer_linter
19          509 implicit_integer_linter
20          514 implicit_integer_linter
21          519 implicit_integer_linter
22          529 implicit_integer_linter
23          531 implicit_integer_linter
24          621 implicit_integer_linter
25          623 implicit_integer_linter
26          631 implicit_integer_linter
27          633 implicit_integer_linter
28          640 implicit_integer_linter
29          640 implicit_integer_linter
30          642 implicit_integer_linter
31          649 implicit_integer_linter
32          657 implicit_integer_linter
33          689 implicit_integer_linter
34          738 implicit_integer_linter
35          739 implicit_integer_linter
36          740 implicit_integer_linter
37          745 implicit_integer_linter
38          746 implicit_integer_linter
39          747 implicit_integer_linter
40          748 implicit_integer_linter
41          754 implicit_integer_linter
42          755 implicit_integer_linter
43          756 implicit_integer_linter
44          757 implicit_integer_linter
45          764 implicit_integer_linter
46          765 implicit_integer_linter
47          766 implicit_integer_linter
48          771 implicit_integer_linter
49          776 implicit_integer_linter
50          777 implicit_integer_linter
51          777 implicit_integer_linter
52          778 implicit_integer_linter
53          778 implicit_integer_linter
54          780 implicit_integer_linter
55          786 implicit_integer_linter
56          792 implicit_integer_linter
57          793 implicit_integer_linter
58          794 implicit_integer_linter
59          797 implicit_integer_linter
60          830 implicit_integer_linter
61          850 implicit_integer_linter
62          851 implicit_integer_linter
63          874 implicit_integer_linter
64          884 implicit_integer_linter
65          896 implicit_integer_linter
66          897 implicit_integer_linter
67          898 implicit_integer_linter
68          898 implicit_integer_linter
69          899 implicit_integer_linter
70          923 implicit_integer_linter
71          924 implicit_integer_linter
72          925 implicit_integer_linter
73          935 implicit_integer_linter
74          945 implicit_integer_linter
75          976 implicit_integer_linter
76         1032 implicit_integer_linter
77         1041 implicit_integer_linter
78         1041 implicit_integer_linter
79         1042 implicit_integer_linter
80         1042 implicit_integer_linter
81         1054 implicit_integer_linter
82         1063 implicit_integer_linter
83         1135 implicit_integer_linter
84         1190 implicit_integer_linter
85         1191 implicit_integer_linter
86         1192 implicit_integer_linter
87         1193 implicit_integer_linter
88         1247 implicit_integer_linter
89         1257 implicit_integer_linter
90         1265 implicit_integer_linter
91         1266 implicit_integer_linter
92         1267 implicit_integer_linter
93         1286 implicit_integer_linter
94         1302 implicit_integer_linter
95         1467 implicit_integer_linter
96         1468 implicit_integer_linter
97         1469 implicit_integer_linter
98         1483 implicit_integer_linter
99         1484 implicit_integer_linter
100        1490 implicit_integer_linter
101        1503 implicit_integer_linter
102        1512 implicit_integer_linter
103        1513 implicit_integer_linter
104        1518 implicit_integer_linter
105        1521 implicit_integer_linter
106        1521 implicit_integer_linter
107        1527 implicit_integer_linter
108        1527 implicit_integer_linter
109        1528 implicit_integer_linter
110        1528 implicit_integer_linter
111        1529 implicit_integer_linter
112        1529 implicit_integer_linter
113        1530 implicit_integer_linter
114        1530 implicit_integer_linter
115        1530 implicit_integer_linter
116        1530 implicit_integer_linter
117        1532 implicit_integer_linter
118        1546 implicit_integer_linter
119        1560 implicit_integer_linter
                                          message
1       Use 1L or 1.0 to avoid implicit integers.
2       Use 1L or 1.0 to avoid implicit integers.
3       Use 0L or 0.0 to avoid implicit integers.
4       Use 1L or 1.0 to avoid implicit integers.
5       Use 0L or 0.0 to avoid implicit integers.
6     Use 72L or 72.0 to avoid implicit integers.
7     Use 72L or 72.0 to avoid implicit integers.
8       Use 0L or 0.0 to avoid implicit integers.
9       Use 0L or 0.0 to avoid implicit integers.
10      Use 0L or 0.0 to avoid implicit integers.
11      Use 0L or 0.0 to avoid implicit integers.
12      Use 0L or 0.0 to avoid implicit integers.
13      Use 0L or 0.0 to avoid implicit integers.
14      Use 1L or 1.0 to avoid implicit integers.
15      Use 1L or 1.0 to avoid implicit integers.
16      Use 0L or 0.0 to avoid implicit integers.
17  Use 100L or 100.0 to avoid implicit integers.
18  Use 100L or 100.0 to avoid implicit integers.
19  Use 100L or 100.0 to avoid implicit integers.
20  Use 100L or 100.0 to avoid implicit integers.
21      Use 0L or 0.0 to avoid implicit integers.
22      Use 0L or 0.0 to avoid implicit integers.
23      Use 0L or 0.0 to avoid implicit integers.
24      Use 5L or 5.0 to avoid implicit integers.
25      Use 0L or 0.0 to avoid implicit integers.
26    Use 95L or 95.0 to avoid implicit integers.
27      Use 0L or 0.0 to avoid implicit integers.
28      Use 1L or 1.0 to avoid implicit integers.
29      Use 3L or 3.0 to avoid implicit integers.
30      Use 0L or 0.0 to avoid implicit integers.
31    Use 10L or 10.0 to avoid implicit integers.
32      Use 8L or 8.0 to avoid implicit integers.
33      Use 1L or 1.0 to avoid implicit integers.
34    Use 11L or 11.0 to avoid implicit integers.
35    Use 12L or 12.0 to avoid implicit integers.
36    Use 14L or 14.0 to avoid implicit integers.
37    Use 10L or 10.0 to avoid implicit integers.
38    Use 11L or 11.0 to avoid implicit integers.
39    Use 12L or 12.0 to avoid implicit integers.
40      Use 9L or 9.0 to avoid implicit integers.
41    Use 14L or 14.0 to avoid implicit integers.
42    Use 16L or 16.0 to avoid implicit integers.
43    Use 18L or 18.0 to avoid implicit integers.
44    Use 12L or 12.0 to avoid implicit integers.
45    Use 11L or 11.0 to avoid implicit integers.
46    Use 12L or 12.0 to avoid implicit integers.
47    Use 14L or 14.0 to avoid implicit integers.
48      Use 1L or 1.0 to avoid implicit integers.
49    Use 11L or 11.0 to avoid implicit integers.
50    Use 18L or 18.0 to avoid implicit integers.
51      Use 0L or 0.0 to avoid implicit integers.
52    Use 14L or 14.0 to avoid implicit integers.
53      Use 0L or 0.0 to avoid implicit integers.
54    Use 10L or 10.0 to avoid implicit integers.
55    Use 10L or 10.0 to avoid implicit integers.
56    Use 10L or 10.0 to avoid implicit integers.
57    Use 11L or 11.0 to avoid implicit integers.
58    Use 12L or 12.0 to avoid implicit integers.
59      Use 9L or 9.0 to avoid implicit integers.
60      Use 1L or 1.0 to avoid implicit integers.
61  Use 100L or 100.0 to avoid implicit integers.
62  Use 100L or 100.0 to avoid implicit integers.
63      Use 1L or 1.0 to avoid implicit integers.
64      Use 1L or 1.0 to avoid implicit integers.
65      Use 1L or 1.0 to avoid implicit integers.
66      Use 1L or 1.0 to avoid implicit integers.
67      Use 1L or 1.0 to avoid implicit integers.
68      Use 1L or 1.0 to avoid implicit integers.
69      Use 1L or 1.0 to avoid implicit integers.
70      Use 1L or 1.0 to avoid implicit integers.
71      Use 1L or 1.0 to avoid implicit integers.
72      Use 1L or 1.0 to avoid implicit integers.
73      Use 1L or 1.0 to avoid implicit integers.
74      Use 1L or 1.0 to avoid implicit integers.
75      Use 0L or 0.0 to avoid implicit integers.
76  Use 100L or 100.0 to avoid implicit integers.
77      Use 1L or 1.0 to avoid implicit integers.
78      Use 1L or 1.0 to avoid implicit integers.
79      Use 2L or 2.0 to avoid implicit integers.
80      Use 2L or 2.0 to avoid implicit integers.
81      Use 0L or 0.0 to avoid implicit integers.
82      Use 3L or 3.0 to avoid implicit integers.
83      Use 6L or 6.0 to avoid implicit integers.
84      Use 0L or 0.0 to avoid implicit integers.
85      Use 0L or 0.0 to avoid implicit integers.
86      Use 0L or 0.0 to avoid implicit integers.
87      Use 0L or 0.0 to avoid implicit integers.
88      Use 1L or 1.0 to avoid implicit integers.
89      Use 1L or 1.0 to avoid implicit integers.
90      Use 1L or 1.0 to avoid implicit integers.
91      Use 1L or 1.0 to avoid implicit integers.
92      Use 1L or 1.0 to avoid implicit integers.
93      Use 1L or 1.0 to avoid implicit integers.
94      Use 1L or 1.0 to avoid implicit integers.
95      Use 0L or 0.0 to avoid implicit integers.
96      Use 0L or 0.0 to avoid implicit integers.
97      Use 2L or 2.0 to avoid implicit integers.
98      Use 5L or 5.0 to avoid implicit integers.
99      Use 0L or 0.0 to avoid implicit integers.
100     Use 1L or 1.0 to avoid implicit integers.
101     Use 0L or 0.0 to avoid implicit integers.
102     Use 1L or 1.0 to avoid implicit integers.
103     Use 1L or 1.0 to avoid implicit integers.
104     Use 1L or 1.0 to avoid implicit integers.
105     Use 2L or 2.0 to avoid implicit integers.
106     Use 2L or 2.0 to avoid implicit integers.
107     Use 0L or 0.0 to avoid implicit integers.
108     Use 0L or 0.0 to avoid implicit integers.
109     Use 1L or 1.0 to avoid implicit integers.
110     Use 1L or 1.0 to avoid implicit integers.
111     Use 1L or 1.0 to avoid implicit integers.
112     Use 2L or 2.0 to avoid implicit integers.
113     Use 1L or 1.0 to avoid implicit integers.
114     Use 1L or 1.0 to avoid implicit integers.
115     Use 1L or 1.0 to avoid implicit integers.
116     Use 2L or 2.0 to avoid implicit integers.
117     Use 0L or 0.0 to avoid implicit integers.
118     Use 2L or 2.0 to avoid implicit integers.
119     Use 1L or 1.0 to avoid implicit integers.
                                                                        filename
1   /Users/serdarbalci/Documents/GitHub/ClinicoPathJamoviModule/R/jjpiestats.b.R
2   /Users/serdarbalci/Documents/GitHub/ClinicoPathJamoviModule/R/jjpiestats.b.R
3   /Users/serdarbalci/Documents/GitHub/ClinicoPathJamoviModule/R/jjpiestats.b.R
4   /Users/serdarbalci/Documents/GitHub/ClinicoPathJamoviModule/R/jjpiestats.b.R
5   /Users/serdarbalci/Documents/GitHub/ClinicoPathJamoviModule/R/jjpiestats.b.R
6   /Users/serdarbalci/Documents/GitHub/ClinicoPathJamoviModule/R/jjpiestats.b.R
7   /Users/serdarbalci/Documents/GitHub/ClinicoPathJamoviModule/R/jjpiestats.b.R
8   /Users/serdarbalci/Documents/GitHub/ClinicoPathJamoviModule/R/jjpiestats.b.R
9   /Users/serdarbalci/Documents/GitHub/ClinicoPathJamoviModule/R/jjpiestats.b.R
10  /Users/serdarbalci/Documents/GitHub/ClinicoPathJamoviModule/R/jjpiestats.b.R
11  /Users/serdarbalci/Documents/GitHub/ClinicoPathJamoviModule/R/jjpiestats.b.R
12  /Users/serdarbalci/Documents/GitHub/ClinicoPathJamoviModule/R/jjpiestats.b.R
13  /Users/serdarbalci/Documents/GitHub/ClinicoPathJamoviModule/R/jjpiestats.b.R
14  /Users/serdarbalci/Documents/GitHub/ClinicoPathJamoviModule/R/jjpiestats.b.R
15  /Users/serdarbalci/Documents/GitHub/ClinicoPathJamoviModule/R/jjpiestats.b.R
16  /Users/serdarbalci/Documents/GitHub/ClinicoPathJamoviModule/R/jjpiestats.b.R
17  /Users/serdarbalci/Documents/GitHub/ClinicoPathJamoviModule/R/jjpiestats.b.R
18  /Users/serdarbalci/Documents/GitHub/ClinicoPathJamoviModule/R/jjpiestats.b.R
19  /Users/serdarbalci/Documents/GitHub/ClinicoPathJamoviModule/R/jjpiestats.b.R
20  /Users/serdarbalci/Documents/GitHub/ClinicoPathJamoviModule/R/jjpiestats.b.R
21  /Users/serdarbalci/Documents/GitHub/ClinicoPathJamoviModule/R/jjpiestats.b.R
22  /Users/serdarbalci/Documents/GitHub/ClinicoPathJamoviModule/R/jjpiestats.b.R
23  /Users/serdarbalci/Documents/GitHub/ClinicoPathJamoviModule/R/jjpiestats.b.R
24  /Users/serdarbalci/Documents/GitHub/ClinicoPathJamoviModule/R/jjpiestats.b.R
25  /Users/serdarbalci/Documents/GitHub/ClinicoPathJamoviModule/R/jjpiestats.b.R
26  /Users/serdarbalci/Documents/GitHub/ClinicoPathJamoviModule/R/jjpiestats.b.R
27  /Users/serdarbalci/Documents/GitHub/ClinicoPathJamoviModule/R/jjpiestats.b.R
28  /Users/serdarbalci/Documents/GitHub/ClinicoPathJamoviModule/R/jjpiestats.b.R
29  /Users/serdarbalci/Documents/GitHub/ClinicoPathJamoviModule/R/jjpiestats.b.R
30  /Users/serdarbalci/Documents/GitHub/ClinicoPathJamoviModule/R/jjpiestats.b.R
31  /Users/serdarbalci/Documents/GitHub/ClinicoPathJamoviModule/R/jjpiestats.b.R
32  /Users/serdarbalci/Documents/GitHub/ClinicoPathJamoviModule/R/jjpiestats.b.R
33  /Users/serdarbalci/Documents/GitHub/ClinicoPathJamoviModule/R/jjpiestats.b.R
34  /Users/serdarbalci/Documents/GitHub/ClinicoPathJamoviModule/R/jjpiestats.b.R
35  /Users/serdarbalci/Documents/GitHub/ClinicoPathJamoviModule/R/jjpiestats.b.R
36  /Users/serdarbalci/Documents/GitHub/ClinicoPathJamoviModule/R/jjpiestats.b.R
37  /Users/serdarbalci/Documents/GitHub/ClinicoPathJamoviModule/R/jjpiestats.b.R
38  /Users/serdarbalci/Documents/GitHub/ClinicoPathJamoviModule/R/jjpiestats.b.R
39  /Users/serdarbalci/Documents/GitHub/ClinicoPathJamoviModule/R/jjpiestats.b.R
40  /Users/serdarbalci/Documents/GitHub/ClinicoPathJamoviModule/R/jjpiestats.b.R
41  /Users/serdarbalci/Documents/GitHub/ClinicoPathJamoviModule/R/jjpiestats.b.R
42  /Users/serdarbalci/Documents/GitHub/ClinicoPathJamoviModule/R/jjpiestats.b.R
43  /Users/serdarbalci/Documents/GitHub/ClinicoPathJamoviModule/R/jjpiestats.b.R
44  /Users/serdarbalci/Documents/GitHub/ClinicoPathJamoviModule/R/jjpiestats.b.R
45  /Users/serdarbalci/Documents/GitHub/ClinicoPathJamoviModule/R/jjpiestats.b.R
46  /Users/serdarbalci/Documents/GitHub/ClinicoPathJamoviModule/R/jjpiestats.b.R
47  /Users/serdarbalci/Documents/GitHub/ClinicoPathJamoviModule/R/jjpiestats.b.R
48  /Users/serdarbalci/Documents/GitHub/ClinicoPathJamoviModule/R/jjpiestats.b.R
49  /Users/serdarbalci/Documents/GitHub/ClinicoPathJamoviModule/R/jjpiestats.b.R
50  /Users/serdarbalci/Documents/GitHub/ClinicoPathJamoviModule/R/jjpiestats.b.R
51  /Users/serdarbalci/Documents/GitHub/ClinicoPathJamoviModule/R/jjpiestats.b.R
52  /Users/serdarbalci/Documents/GitHub/ClinicoPathJamoviModule/R/jjpiestats.b.R
53  /Users/serdarbalci/Documents/GitHub/ClinicoPathJamoviModule/R/jjpiestats.b.R
54  /Users/serdarbalci/Documents/GitHub/ClinicoPathJamoviModule/R/jjpiestats.b.R
55  /Users/serdarbalci/Documents/GitHub/ClinicoPathJamoviModule/R/jjpiestats.b.R
56  /Users/serdarbalci/Documents/GitHub/ClinicoPathJamoviModule/R/jjpiestats.b.R
57  /Users/serdarbalci/Documents/GitHub/ClinicoPathJamoviModule/R/jjpiestats.b.R
58  /Users/serdarbalci/Documents/GitHub/ClinicoPathJamoviModule/R/jjpiestats.b.R
59  /Users/serdarbalci/Documents/GitHub/ClinicoPathJamoviModule/R/jjpiestats.b.R
60  /Users/serdarbalci/Documents/GitHub/ClinicoPathJamoviModule/R/jjpiestats.b.R
61  /Users/serdarbalci/Documents/GitHub/ClinicoPathJamoviModule/R/jjpiestats.b.R
62  /Users/serdarbalci/Documents/GitHub/ClinicoPathJamoviModule/R/jjpiestats.b.R
63  /Users/serdarbalci/Documents/GitHub/ClinicoPathJamoviModule/R/jjpiestats.b.R
64  /Users/serdarbalci/Documents/GitHub/ClinicoPathJamoviModule/R/jjpiestats.b.R
65  /Users/serdarbalci/Documents/GitHub/ClinicoPathJamoviModule/R/jjpiestats.b.R
66  /Users/serdarbalci/Documents/GitHub/ClinicoPathJamoviModule/R/jjpiestats.b.R
67  /Users/serdarbalci/Documents/GitHub/ClinicoPathJamoviModule/R/jjpiestats.b.R
68  /Users/serdarbalci/Documents/GitHub/ClinicoPathJamoviModule/R/jjpiestats.b.R
69  /Users/serdarbalci/Documents/GitHub/ClinicoPathJamoviModule/R/jjpiestats.b.R
70  /Users/serdarbalci/Documents/GitHub/ClinicoPathJamoviModule/R/jjpiestats.b.R
71  /Users/serdarbalci/Documents/GitHub/ClinicoPathJamoviModule/R/jjpiestats.b.R
72  /Users/serdarbalci/Documents/GitHub/ClinicoPathJamoviModule/R/jjpiestats.b.R
73  /Users/serdarbalci/Documents/GitHub/ClinicoPathJamoviModule/R/jjpiestats.b.R
74  /Users/serdarbalci/Documents/GitHub/ClinicoPathJamoviModule/R/jjpiestats.b.R
75  /Users/serdarbalci/Documents/GitHub/ClinicoPathJamoviModule/R/jjpiestats.b.R
76  /Users/serdarbalci/Documents/GitHub/ClinicoPathJamoviModule/R/jjpiestats.b.R
77  /Users/serdarbalci/Documents/GitHub/ClinicoPathJamoviModule/R/jjpiestats.b.R
78  /Users/serdarbalci/Documents/GitHub/ClinicoPathJamoviModule/R/jjpiestats.b.R
79  /Users/serdarbalci/Documents/GitHub/ClinicoPathJamoviModule/R/jjpiestats.b.R
80  /Users/serdarbalci/Documents/GitHub/ClinicoPathJamoviModule/R/jjpiestats.b.R
81  /Users/serdarbalci/Documents/GitHub/ClinicoPathJamoviModule/R/jjpiestats.b.R
82  /Users/serdarbalci/Documents/GitHub/ClinicoPathJamoviModule/R/jjpiestats.b.R
83  /Users/serdarbalci/Documents/GitHub/ClinicoPathJamoviModule/R/jjpiestats.b.R
84  /Users/serdarbalci/Documents/GitHub/ClinicoPathJamoviModule/R/jjpiestats.b.R
85  /Users/serdarbalci/Documents/GitHub/ClinicoPathJamoviModule/R/jjpiestats.b.R
86  /Users/serdarbalci/Documents/GitHub/ClinicoPathJamoviModule/R/jjpiestats.b.R
87  /Users/serdarbalci/Documents/GitHub/ClinicoPathJamoviModule/R/jjpiestats.b.R
88  /Users/serdarbalci/Documents/GitHub/ClinicoPathJamoviModule/R/jjpiestats.b.R
89  /Users/serdarbalci/Documents/GitHub/ClinicoPathJamoviModule/R/jjpiestats.b.R
90  /Users/serdarbalci/Documents/GitHub/ClinicoPathJamoviModule/R/jjpiestats.b.R
91  /Users/serdarbalci/Documents/GitHub/ClinicoPathJamoviModule/R/jjpiestats.b.R
92  /Users/serdarbalci/Documents/GitHub/ClinicoPathJamoviModule/R/jjpiestats.b.R
93  /Users/serdarbalci/Documents/GitHub/ClinicoPathJamoviModule/R/jjpiestats.b.R
94  /Users/serdarbalci/Documents/GitHub/ClinicoPathJamoviModule/R/jjpiestats.b.R
95  /Users/serdarbalci/Documents/GitHub/ClinicoPathJamoviModule/R/jjpiestats.b.R
96  /Users/serdarbalci/Documents/GitHub/ClinicoPathJamoviModule/R/jjpiestats.b.R
97  /Users/serdarbalci/Documents/GitHub/ClinicoPathJamoviModule/R/jjpiestats.b.R
98  /Users/serdarbalci/Documents/GitHub/ClinicoPathJamoviModule/R/jjpiestats.b.R
99  /Users/serdarbalci/Documents/GitHub/ClinicoPathJamoviModule/R/jjpiestats.b.R
100 /Users/serdarbalci/Documents/GitHub/ClinicoPathJamoviModule/R/jjpiestats.b.R
101 /Users/serdarbalci/Documents/GitHub/ClinicoPathJamoviModule/R/jjpiestats.b.R
102 /Users/serdarbalci/Documents/GitHub/ClinicoPathJamoviModule/R/jjpiestats.b.R
103 /Users/serdarbalci/Documents/GitHub/ClinicoPathJamoviModule/R/jjpiestats.b.R
104 /Users/serdarbalci/Documents/GitHub/ClinicoPathJamoviModule/R/jjpiestats.b.R
105 /Users/serdarbalci/Documents/GitHub/ClinicoPathJamoviModule/R/jjpiestats.b.R
106 /Users/serdarbalci/Documents/GitHub/ClinicoPathJamoviModule/R/jjpiestats.b.R
107 /Users/serdarbalci/Documents/GitHub/ClinicoPathJamoviModule/R/jjpiestats.b.R
    line_number                  linter
1            42 implicit_integer_linter
2            44 implicit_integer_linter
3            55 implicit_integer_linter
4            69 implicit_integer_linter
5            78 implicit_integer_linter
6            78 implicit_integer_linter
7            80 implicit_integer_linter
8            80 implicit_integer_linter
9           101 implicit_integer_linter
10          101 implicit_integer_linter
11          169 implicit_integer_linter
12          327 implicit_integer_linter
13          335 implicit_integer_linter
14          348 implicit_integer_linter
15          370 implicit_integer_linter
16          387 implicit_integer_linter
17          530 implicit_integer_linter
18          543 implicit_integer_linter
19          581 implicit_integer_linter
20          582 implicit_integer_linter
21          597 implicit_integer_linter
22          605 implicit_integer_linter
23          636 implicit_integer_linter
24          642 implicit_integer_linter
25          643 implicit_integer_linter
26          667 implicit_integer_linter
27          708 implicit_integer_linter
28          708 implicit_integer_linter
29          708 implicit_integer_linter
30          723 implicit_integer_linter
31          723 implicit_integer_linter
32          724 implicit_integer_linter
33          724 implicit_integer_linter
34          724 implicit_integer_linter
35          731 implicit_integer_linter
36          733 implicit_integer_linter
37          737 implicit_integer_linter
38          738 implicit_integer_linter
39          740 implicit_integer_linter
40          751 implicit_integer_linter
41          751 implicit_integer_linter
42          751 implicit_integer_linter
43          762 implicit_integer_linter
44          798 implicit_integer_linter
45          814 implicit_integer_linter
46          815 implicit_integer_linter
47          815 implicit_integer_linter
48          820 implicit_integer_linter
49          849 implicit_integer_linter
50          849 implicit_integer_linter
51          863 implicit_integer_linter
52          882 implicit_integer_linter
53          882 implicit_integer_linter
54          902 implicit_integer_linter
55          903 implicit_integer_linter
56          911 implicit_integer_linter
57          914 implicit_integer_linter
58          917 implicit_integer_linter
59          925 implicit_integer_linter
60          930 implicit_integer_linter
61          969 implicit_integer_linter
62          970 implicit_integer_linter
63          984 implicit_integer_linter
64          987 implicit_integer_linter
65          990 implicit_integer_linter
66          995 implicit_integer_linter
67         1009 implicit_integer_linter
68         1009 implicit_integer_linter
69         1022 implicit_integer_linter
70         1022 implicit_integer_linter
71         1034 implicit_integer_linter
72         1049 implicit_integer_linter
73         1064 implicit_integer_linter
74         1126 implicit_integer_linter
75         1126 implicit_integer_linter
76         1155 implicit_integer_linter
77         1162 implicit_integer_linter
78         1164 implicit_integer_linter
79         1166 implicit_integer_linter
80         1180 implicit_integer_linter
81         1208 implicit_integer_linter
82         1241 implicit_integer_linter
83         1261 implicit_integer_linter
84         1262 implicit_integer_linter
85         1288 implicit_integer_linter
86         1297 implicit_integer_linter
87         1395 implicit_integer_linter
88         1396 implicit_integer_linter
89         1455 implicit_integer_linter
90         1459 implicit_integer_linter
91         1494 implicit_integer_linter
92         1495 implicit_integer_linter
93         1496 implicit_integer_linter
94         1497 implicit_integer_linter
95         1578 implicit_integer_linter
96         1582 implicit_integer_linter
97         1625 implicit_integer_linter
98         1626 implicit_integer_linter
99         1627 implicit_integer_linter
100        1628 implicit_integer_linter
101        1629 implicit_integer_linter
102        1630 implicit_integer_linter
103        1735 implicit_integer_linter
104        1736 implicit_integer_linter
105        1778 implicit_integer_linter
106        1820 implicit_integer_linter
107        1826 implicit_integer_linter
                                          message
1       Use 1L or 1.0 to avoid implicit integers.
2       Use 1L or 1.0 to avoid implicit integers.
3       Use 0L or 0.0 to avoid implicit integers.
4       Use 1L or 1.0 to avoid implicit integers.
5   Use 650L or 650.0 to avoid implicit integers.
6   Use 450L or 450.0 to avoid implicit integers.
7   Use 650L or 650.0 to avoid implicit integers.
8   Use 450L or 450.0 to avoid implicit integers.
9   Use 600L or 600.0 to avoid implicit integers.
10  Use 450L or 450.0 to avoid implicit integers.
11      Use 0L or 0.0 to avoid implicit integers.
12      Use 5L or 5.0 to avoid implicit integers.
13      Use 5L or 5.0 to avoid implicit integers.
14    Use 30L or 30.0 to avoid implicit integers.
15      Use 2L or 2.0 to avoid implicit integers.
16      Use 0L or 0.0 to avoid implicit integers.
17      Use 0L or 0.0 to avoid implicit integers.
18    Use 10L or 10.0 to avoid implicit integers.
19      Use 5L or 5.0 to avoid implicit integers.
20      Use 5L or 5.0 to avoid implicit integers.
21      Use 2L or 2.0 to avoid implicit integers.
22      Use 2L or 2.0 to avoid implicit integers.
23      Use 1L or 1.0 to avoid implicit integers.
24      Use 0L or 0.0 to avoid implicit integers.
25      Use 0L or 0.0 to avoid implicit integers.
26      Use 0L or 0.0 to avoid implicit integers.
27      Use 0L or 0.0 to avoid implicit integers.
28      Use 0L or 0.0 to avoid implicit integers.
29      Use 0L or 0.0 to avoid implicit integers.
30      Use 2L or 2.0 to avoid implicit integers.
31      Use 2L or 2.0 to avoid implicit integers.
32      Use 0L or 0.0 to avoid implicit integers.
33      Use 0L or 0.0 to avoid implicit integers.
34      Use 0L or 0.0 to avoid implicit integers.
35      Use 5L or 5.0 to avoid implicit integers.
36  Use 100L or 100.0 to avoid implicit integers.
37      Use 4L or 4.0 to avoid implicit integers.
38      Use 0L or 0.0 to avoid implicit integers.
39    Use 20L or 20.0 to avoid implicit integers.
40      Use 0L or 0.0 to avoid implicit integers.
41      Use 0L or 0.0 to avoid implicit integers.
42      Use 0L or 0.0 to avoid implicit integers.
43      Use 3L or 3.0 to avoid implicit integers.
44      Use 5L or 5.0 to avoid implicit integers.
45  Use 100L or 100.0 to avoid implicit integers.
46      Use 1L or 1.0 to avoid implicit integers.
47      Use 2L or 2.0 to avoid implicit integers.
48      Use 1L or 1.0 to avoid implicit integers.
49      Use 2L or 2.0 to avoid implicit integers.
50      Use 2L or 2.0 to avoid implicit integers.
51    Use 10L or 10.0 to avoid implicit integers.
52      Use 0L or 0.0 to avoid implicit integers.
53      Use 0L or 0.0 to avoid implicit integers.
54      Use 0L or 0.0 to avoid implicit integers.
55      Use 1L or 1.0 to avoid implicit integers.
56      Use 0L or 0.0 to avoid implicit integers.
57      Use 0L or 0.0 to avoid implicit integers.
58      Use 0L or 0.0 to avoid implicit integers.
59      Use 0L or 0.0 to avoid implicit integers.
60      Use 0L or 0.0 to avoid implicit integers.
61      Use 0L or 0.0 to avoid implicit integers.
62      Use 1L or 1.0 to avoid implicit integers.
63      Use 0L or 0.0 to avoid implicit integers.
64      Use 0L or 0.0 to avoid implicit integers.
65      Use 0L or 0.0 to avoid implicit integers.
66      Use 0L or 0.0 to avoid implicit integers.
67  Use 100L or 100.0 to avoid implicit integers.
68      Use 1L or 1.0 to avoid implicit integers.
69      Use 0L or 0.0 to avoid implicit integers.
70      Use 3L or 3.0 to avoid implicit integers.
71      Use 1L or 1.0 to avoid implicit integers.
72    Use -1L or -1.0 to avoid implicit integers.
73      Use 0L or 0.0 to avoid implicit integers.
74      Use 0L or 0.0 to avoid implicit integers.
75      Use 1L or 1.0 to avoid implicit integers.
76      Use 1L or 1.0 to avoid implicit integers.
77      Use 0L or 0.0 to avoid implicit integers.
78    Use -1L or -1.0 to avoid implicit integers.
79      Use 3L or 3.0 to avoid implicit integers.
80      Use 7L or 7.0 to avoid implicit integers.
81      Use 5L or 5.0 to avoid implicit integers.
82  Use 100L or 100.0 to avoid implicit integers.
83      Use 0L or 0.0 to avoid implicit integers.
84      Use 1L or 1.0 to avoid implicit integers.
85      Use 0L or 0.0 to avoid implicit integers.
86      Use 2L or 2.0 to avoid implicit integers.
87      Use 0L or 0.0 to avoid implicit integers.
88      Use 1L or 1.0 to avoid implicit integers.
89      Use 1L or 1.0 to avoid implicit integers.
90      Use 1L or 1.0 to avoid implicit integers.
91      Use 0L or 0.0 to avoid implicit integers.
92      Use 1L or 1.0 to avoid implicit integers.
93      Use 0L or 0.0 to avoid implicit integers.
94      Use 1L or 1.0 to avoid implicit integers.
95      Use 1L or 1.0 to avoid implicit integers.
96      Use 1L or 1.0 to avoid implicit integers.
97      Use 0L or 0.0 to avoid implicit integers.
98      Use 1L or 1.0 to avoid implicit integers.
99      Use 0L or 0.0 to avoid implicit integers.
100     Use 1L or 1.0 to avoid implicit integers.
101     Use 0L or 0.0 to avoid implicit integers.
102     Use 1L or 1.0 to avoid implicit integers.
103     Use 0L or 0.0 to avoid implicit integers.
104     Use 1L or 1.0 to avoid implicit integers.
105     Use 0L or 0.0 to avoid implicit integers.
106     Use 0L or 0.0 to avoid implicit integers.
107     Use 0L or 0.0 to avoid implicit integers.
                                                                       filename
1   /Users/serdarbalci/Documents/GitHub/ClinicoPathJamoviModule/R/raincloud.b.R
2   /Users/serdarbalci/Documents/GitHub/ClinicoPathJamoviModule/R/raincloud.b.R
3   /Users/serdarbalci/Documents/GitHub/ClinicoPathJamoviModule/R/raincloud.b.R
4   /Users/serdarbalci/Documents/GitHub/ClinicoPathJamoviModule/R/raincloud.b.R
5   /Users/serdarbalci/Documents/GitHub/ClinicoPathJamoviModule/R/raincloud.b.R
6   /Users/serdarbalci/Documents/GitHub/ClinicoPathJamoviModule/R/raincloud.b.R
7   /Users/serdarbalci/Documents/GitHub/ClinicoPathJamoviModule/R/raincloud.b.R
8   /Users/serdarbalci/Documents/GitHub/ClinicoPathJamoviModule/R/raincloud.b.R
9   /Users/serdarbalci/Documents/GitHub/ClinicoPathJamoviModule/R/raincloud.b.R
10  /Users/serdarbalci/Documents/GitHub/ClinicoPathJamoviModule/R/raincloud.b.R
11  /Users/serdarbalci/Documents/GitHub/ClinicoPathJamoviModule/R/raincloud.b.R
12  /Users/serdarbalci/Documents/GitHub/ClinicoPathJamoviModule/R/raincloud.b.R
13  /Users/serdarbalci/Documents/GitHub/ClinicoPathJamoviModule/R/raincloud.b.R
14  /Users/serdarbalci/Documents/GitHub/ClinicoPathJamoviModule/R/raincloud.b.R
15  /Users/serdarbalci/Documents/GitHub/ClinicoPathJamoviModule/R/raincloud.b.R
16  /Users/serdarbalci/Documents/GitHub/ClinicoPathJamoviModule/R/raincloud.b.R
17  /Users/serdarbalci/Documents/GitHub/ClinicoPathJamoviModule/R/raincloud.b.R
18  /Users/serdarbalci/Documents/GitHub/ClinicoPathJamoviModule/R/raincloud.b.R
19  /Users/serdarbalci/Documents/GitHub/ClinicoPathJamoviModule/R/raincloud.b.R
20  /Users/serdarbalci/Documents/GitHub/ClinicoPathJamoviModule/R/raincloud.b.R
21  /Users/serdarbalci/Documents/GitHub/ClinicoPathJamoviModule/R/raincloud.b.R
22  /Users/serdarbalci/Documents/GitHub/ClinicoPathJamoviModule/R/raincloud.b.R
23  /Users/serdarbalci/Documents/GitHub/ClinicoPathJamoviModule/R/raincloud.b.R
24  /Users/serdarbalci/Documents/GitHub/ClinicoPathJamoviModule/R/raincloud.b.R
25  /Users/serdarbalci/Documents/GitHub/ClinicoPathJamoviModule/R/raincloud.b.R
26  /Users/serdarbalci/Documents/GitHub/ClinicoPathJamoviModule/R/raincloud.b.R
27  /Users/serdarbalci/Documents/GitHub/ClinicoPathJamoviModule/R/raincloud.b.R
28  /Users/serdarbalci/Documents/GitHub/ClinicoPathJamoviModule/R/raincloud.b.R
29  /Users/serdarbalci/Documents/GitHub/ClinicoPathJamoviModule/R/raincloud.b.R
30  /Users/serdarbalci/Documents/GitHub/ClinicoPathJamoviModule/R/raincloud.b.R
31  /Users/serdarbalci/Documents/GitHub/ClinicoPathJamoviModule/R/raincloud.b.R
32  /Users/serdarbalci/Documents/GitHub/ClinicoPathJamoviModule/R/raincloud.b.R
33  /Users/serdarbalci/Documents/GitHub/ClinicoPathJamoviModule/R/raincloud.b.R
34  /Users/serdarbalci/Documents/GitHub/ClinicoPathJamoviModule/R/raincloud.b.R
35  /Users/serdarbalci/Documents/GitHub/ClinicoPathJamoviModule/R/raincloud.b.R
36  /Users/serdarbalci/Documents/GitHub/ClinicoPathJamoviModule/R/raincloud.b.R
37  /Users/serdarbalci/Documents/GitHub/ClinicoPathJamoviModule/R/raincloud.b.R
38  /Users/serdarbalci/Documents/GitHub/ClinicoPathJamoviModule/R/raincloud.b.R
39  /Users/serdarbalci/Documents/GitHub/ClinicoPathJamoviModule/R/raincloud.b.R
40  /Users/serdarbalci/Documents/GitHub/ClinicoPathJamoviModule/R/raincloud.b.R
41  /Users/serdarbalci/Documents/GitHub/ClinicoPathJamoviModule/R/raincloud.b.R
42  /Users/serdarbalci/Documents/GitHub/ClinicoPathJamoviModule/R/raincloud.b.R
43  /Users/serdarbalci/Documents/GitHub/ClinicoPathJamoviModule/R/raincloud.b.R
44  /Users/serdarbalci/Documents/GitHub/ClinicoPathJamoviModule/R/raincloud.b.R
45  /Users/serdarbalci/Documents/GitHub/ClinicoPathJamoviModule/R/raincloud.b.R
46  /Users/serdarbalci/Documents/GitHub/ClinicoPathJamoviModule/R/raincloud.b.R
47  /Users/serdarbalci/Documents/GitHub/ClinicoPathJamoviModule/R/raincloud.b.R
48  /Users/serdarbalci/Documents/GitHub/ClinicoPathJamoviModule/R/raincloud.b.R
49  /Users/serdarbalci/Documents/GitHub/ClinicoPathJamoviModule/R/raincloud.b.R
50  /Users/serdarbalci/Documents/GitHub/ClinicoPathJamoviModule/R/raincloud.b.R
51  /Users/serdarbalci/Documents/GitHub/ClinicoPathJamoviModule/R/raincloud.b.R
52  /Users/serdarbalci/Documents/GitHub/ClinicoPathJamoviModule/R/raincloud.b.R
53  /Users/serdarbalci/Documents/GitHub/ClinicoPathJamoviModule/R/raincloud.b.R
54  /Users/serdarbalci/Documents/GitHub/ClinicoPathJamoviModule/R/raincloud.b.R
55  /Users/serdarbalci/Documents/GitHub/ClinicoPathJamoviModule/R/raincloud.b.R
56  /Users/serdarbalci/Documents/GitHub/ClinicoPathJamoviModule/R/raincloud.b.R
57  /Users/serdarbalci/Documents/GitHub/ClinicoPathJamoviModule/R/raincloud.b.R
58  /Users/serdarbalci/Documents/GitHub/ClinicoPathJamoviModule/R/raincloud.b.R
59  /Users/serdarbalci/Documents/GitHub/ClinicoPathJamoviModule/R/raincloud.b.R
60  /Users/serdarbalci/Documents/GitHub/ClinicoPathJamoviModule/R/raincloud.b.R
61  /Users/serdarbalci/Documents/GitHub/ClinicoPathJamoviModule/R/raincloud.b.R
62  /Users/serdarbalci/Documents/GitHub/ClinicoPathJamoviModule/R/raincloud.b.R
63  /Users/serdarbalci/Documents/GitHub/ClinicoPathJamoviModule/R/raincloud.b.R
64  /Users/serdarbalci/Documents/GitHub/ClinicoPathJamoviModule/R/raincloud.b.R
65  /Users/serdarbalci/Documents/GitHub/ClinicoPathJamoviModule/R/raincloud.b.R
66  /Users/serdarbalci/Documents/GitHub/ClinicoPathJamoviModule/R/raincloud.b.R
67  /Users/serdarbalci/Documents/GitHub/ClinicoPathJamoviModule/R/raincloud.b.R
68  /Users/serdarbalci/Documents/GitHub/ClinicoPathJamoviModule/R/raincloud.b.R
69  /Users/serdarbalci/Documents/GitHub/ClinicoPathJamoviModule/R/raincloud.b.R
70  /Users/serdarbalci/Documents/GitHub/ClinicoPathJamoviModule/R/raincloud.b.R
71  /Users/serdarbalci/Documents/GitHub/ClinicoPathJamoviModule/R/raincloud.b.R
72  /Users/serdarbalci/Documents/GitHub/ClinicoPathJamoviModule/R/raincloud.b.R
73  /Users/serdarbalci/Documents/GitHub/ClinicoPathJamoviModule/R/raincloud.b.R
74  /Users/serdarbalci/Documents/GitHub/ClinicoPathJamoviModule/R/raincloud.b.R
75  /Users/serdarbalci/Documents/GitHub/ClinicoPathJamoviModule/R/raincloud.b.R
76  /Users/serdarbalci/Documents/GitHub/ClinicoPathJamoviModule/R/raincloud.b.R
77  /Users/serdarbalci/Documents/GitHub/ClinicoPathJamoviModule/R/raincloud.b.R
78  /Users/serdarbalci/Documents/GitHub/ClinicoPathJamoviModule/R/raincloud.b.R
79  /Users/serdarbalci/Documents/GitHub/ClinicoPathJamoviModule/R/raincloud.b.R
80  /Users/serdarbalci/Documents/GitHub/ClinicoPathJamoviModule/R/raincloud.b.R
81  /Users/serdarbalci/Documents/GitHub/ClinicoPathJamoviModule/R/raincloud.b.R
82  /Users/serdarbalci/Documents/GitHub/ClinicoPathJamoviModule/R/raincloud.b.R
83  /Users/serdarbalci/Documents/GitHub/ClinicoPathJamoviModule/R/raincloud.b.R
84  /Users/serdarbalci/Documents/GitHub/ClinicoPathJamoviModule/R/raincloud.b.R
85  /Users/serdarbalci/Documents/GitHub/ClinicoPathJamoviModule/R/raincloud.b.R
86  /Users/serdarbalci/Documents/GitHub/ClinicoPathJamoviModule/R/raincloud.b.R
87  /Users/serdarbalci/Documents/GitHub/ClinicoPathJamoviModule/R/raincloud.b.R
88  /Users/serdarbalci/Documents/GitHub/ClinicoPathJamoviModule/R/raincloud.b.R
89  /Users/serdarbalci/Documents/GitHub/ClinicoPathJamoviModule/R/raincloud.b.R
90  /Users/serdarbalci/Documents/GitHub/ClinicoPathJamoviModule/R/raincloud.b.R
91  /Users/serdarbalci/Documents/GitHub/ClinicoPathJamoviModule/R/raincloud.b.R
92  /Users/serdarbalci/Documents/GitHub/ClinicoPathJamoviModule/R/raincloud.b.R
93  /Users/serdarbalci/Documents/GitHub/ClinicoPathJamoviModule/R/raincloud.b.R
94  /Users/serdarbalci/Documents/GitHub/ClinicoPathJamoviModule/R/raincloud.b.R
95  /Users/serdarbalci/Documents/GitHub/ClinicoPathJamoviModule/R/raincloud.b.R
96  /Users/serdarbalci/Documents/GitHub/ClinicoPathJamoviModule/R/raincloud.b.R
97  /Users/serdarbalci/Documents/GitHub/ClinicoPathJamoviModule/R/raincloud.b.R
98  /Users/serdarbalci/Documents/GitHub/ClinicoPathJamoviModule/R/raincloud.b.R
99  /Users/serdarbalci/Documents/GitHub/ClinicoPathJamoviModule/R/raincloud.b.R
100 /Users/serdarbalci/Documents/GitHub/ClinicoPathJamoviModule/R/raincloud.b.R
101 /Users/serdarbalci/Documents/GitHub/ClinicoPathJamoviModule/R/raincloud.b.R
102 /Users/serdarbalci/Documents/GitHub/ClinicoPathJamoviModule/R/raincloud.b.R
103 /Users/serdarbalci/Documents/GitHub/ClinicoPathJamoviModule/R/raincloud.b.R
104 /Users/serdarbalci/Documents/GitHub/ClinicoPathJamoviModule/R/raincloud.b.R
105 /Users/serdarbalci/Documents/GitHub/ClinicoPathJamoviModule/R/raincloud.b.R
106 /Users/serdarbalci/Documents/GitHub/ClinicoPathJamoviModule/R/raincloud.b.R
    line_number                  linter
1            25 implicit_integer_linter
2            25 implicit_integer_linter
3            31 implicit_integer_linter
4            31 implicit_integer_linter
5            37 implicit_integer_linter
6            43 implicit_integer_linter
7            49 implicit_integer_linter
8           107 implicit_integer_linter
9           147 implicit_integer_linter
10          171 implicit_integer_linter
11          187 implicit_integer_linter
12          197 implicit_integer_linter
13          218 implicit_integer_linter
14          223 implicit_integer_linter
15          260 implicit_integer_linter
16          326 implicit_integer_linter
17          335 implicit_integer_linter
18          386 implicit_integer_linter
19          420 implicit_integer_linter
20          421 implicit_integer_linter
21          421 implicit_integer_linter
22          423 implicit_integer_linter
23          481 implicit_integer_linter
24          482 implicit_integer_linter
25          483 implicit_integer_linter
26          484 implicit_integer_linter
27          490 implicit_integer_linter
28          491 implicit_integer_linter
29          492 implicit_integer_linter
30          493 implicit_integer_linter
31          494 implicit_integer_linter
32          500 implicit_integer_linter
33          513 implicit_integer_linter
34          519 implicit_integer_linter
35          522 implicit_integer_linter
36          523 implicit_integer_linter
37          537 implicit_integer_linter
38          552 implicit_integer_linter
39          555 implicit_integer_linter
40          556 implicit_integer_linter
41          557 implicit_integer_linter
42          557 implicit_integer_linter
43          567 implicit_integer_linter
44          570 implicit_integer_linter
45          571 implicit_integer_linter
46          572 implicit_integer_linter
47          572 implicit_integer_linter
48          581 implicit_integer_linter
49          582 implicit_integer_linter
50          583 implicit_integer_linter
51          584 implicit_integer_linter
52          585 implicit_integer_linter
53          586 implicit_integer_linter
54          587 implicit_integer_linter
55          588 implicit_integer_linter
56          589 implicit_integer_linter
57          590 implicit_integer_linter
58          591 implicit_integer_linter
59          614 implicit_integer_linter
60          614 implicit_integer_linter
61          663 implicit_integer_linter
62          667 implicit_integer_linter
63          670 implicit_integer_linter
64          673 implicit_integer_linter
65          689 implicit_integer_linter
66          741 implicit_integer_linter
67          741 implicit_integer_linter
68          744 implicit_integer_linter
69          799 implicit_integer_linter
70          801 implicit_integer_linter
71          808 implicit_integer_linter
72          808 implicit_integer_linter
73          822 implicit_integer_linter
74          835 implicit_integer_linter
75          841 implicit_integer_linter
76          842 implicit_integer_linter
77          854 implicit_integer_linter
78          864 implicit_integer_linter
79          866 implicit_integer_linter
80          867 implicit_integer_linter
81          904 implicit_integer_linter
82          936 implicit_integer_linter
83          937 implicit_integer_linter
84          941 implicit_integer_linter
85          943 implicit_integer_linter
86          950 implicit_integer_linter
87          951 implicit_integer_linter
88          964 implicit_integer_linter
89          965 implicit_integer_linter
90          969 implicit_integer_linter
91          995 implicit_integer_linter
92          995 implicit_integer_linter
93          996 implicit_integer_linter
94          996 implicit_integer_linter
95          997 implicit_integer_linter
96         1003 implicit_integer_linter
97         1003 implicit_integer_linter
98         1004 implicit_integer_linter
99         1004 implicit_integer_linter
100        1005 implicit_integer_linter
101        1005 implicit_integer_linter
102        1006 implicit_integer_linter
103        1006 implicit_integer_linter
104        1006 implicit_integer_linter
105        1021 implicit_integer_linter
106        1043 implicit_integer_linter
                                            message
1         Use 0L or 0.0 to avoid implicit integers.
2         Use 1L or 1.0 to avoid implicit integers.
3         Use 0L or 0.0 to avoid implicit integers.
4         Use 1L or 1.0 to avoid implicit integers.
5         Use 2L or 2.0 to avoid implicit integers.
6         Use 1L or 1.0 to avoid implicit integers.
7         Use 5L or 5.0 to avoid implicit integers.
8         Use 0L or 0.0 to avoid implicit integers.
9         Use 0L or 0.0 to avoid implicit integers.
10        Use 0L or 0.0 to avoid implicit integers.
11        Use 5L or 5.0 to avoid implicit integers.
12      Use 20L or 20.0 to avoid implicit integers.
13        Use 0L or 0.0 to avoid implicit integers.
14      Use 10L or 10.0 to avoid implicit integers.
15        Use 0L or 0.0 to avoid implicit integers.
16        Use 0L or 0.0 to avoid implicit integers.
17      Use 16L or 16.0 to avoid implicit integers.
18        Use 0L or 0.0 to avoid implicit integers.
19        Use 8L or 8.0 to avoid implicit integers.
20        Use 3L or 3.0 to avoid implicit integers.
21        Use 8L or 8.0 to avoid implicit integers.
22        Use 8L or 8.0 to avoid implicit integers.
23      Use 14L or 14.0 to avoid implicit integers.
24      Use 12L or 12.0 to avoid implicit integers.
25      Use 11L or 11.0 to avoid implicit integers.
26      Use 11L or 11.0 to avoid implicit integers.
27      Use 16L or 16.0 to avoid implicit integers.
28      Use 14L or 14.0 to avoid implicit integers.
29      Use 12L or 12.0 to avoid implicit integers.
30      Use 12L or 12.0 to avoid implicit integers.
31      Use 12L or 12.0 to avoid implicit integers.
32      Use 14L or 14.0 to avoid implicit integers.
33      Use 12L or 12.0 to avoid implicit integers.
34        Use 0L or 0.0 to avoid implicit integers.
35        Use 2L or 2.0 to avoid implicit integers.
36        Use 1L or 1.0 to avoid implicit integers.
37        Use 2L or 2.0 to avoid implicit integers.
38        Use 3L or 3.0 to avoid implicit integers.
39        Use 2L or 2.0 to avoid implicit integers.
40        Use 0L or 0.0 to avoid implicit integers.
41        Use 3L or 3.0 to avoid implicit integers.
42        Use 3L or 3.0 to avoid implicit integers.
43        Use 4L or 4.0 to avoid implicit integers.
44        Use 2L or 2.0 to avoid implicit integers.
45        Use 0L or 0.0 to avoid implicit integers.
46        Use 4L or 4.0 to avoid implicit integers.
47        Use 4L or 4.0 to avoid implicit integers.
48        Use 3L or 3.0 to avoid implicit integers.
49        Use 3L or 3.0 to avoid implicit integers.
50        Use 3L or 3.0 to avoid implicit integers.
51        Use 3L or 3.0 to avoid implicit integers.
52        Use 3L or 3.0 to avoid implicit integers.
53        Use 3L or 3.0 to avoid implicit integers.
54        Use 3L or 3.0 to avoid implicit integers.
55        Use 3L or 3.0 to avoid implicit integers.
56        Use 3L or 3.0 to avoid implicit integers.
57        Use 3L or 3.0 to avoid implicit integers.
58        Use 3L or 3.0 to avoid implicit integers.
59        Use 2L or 2.0 to avoid implicit integers.
60        Use 0L or 0.0 to avoid implicit integers.
61        Use 0L or 0.0 to avoid implicit integers.
62        Use 3L or 3.0 to avoid implicit integers.
63        Use 1L or 1.0 to avoid implicit integers.
64        Use 0L or 0.0 to avoid implicit integers.
65        Use 0L or 0.0 to avoid implicit integers.
66        Use 3L or 3.0 to avoid implicit integers.
67  Use 5000L or 5000.0 to avoid implicit integers.
68        Use 4L or 4.0 to avoid implicit integers.
69        Use 0L or 0.0 to avoid implicit integers.
70        Use 3L or 3.0 to avoid implicit integers.
71        Use 3L or 3.0 to avoid implicit integers.
72  Use 5000L or 5000.0 to avoid implicit integers.
73        Use 2L or 2.0 to avoid implicit integers.
74        Use 2L or 2.0 to avoid implicit integers.
75        Use 2L or 2.0 to avoid implicit integers.
76        Use 2L or 2.0 to avoid implicit integers.
77        Use 2L or 2.0 to avoid implicit integers.
78        Use 2L or 2.0 to avoid implicit integers.
79        Use 1L or 1.0 to avoid implicit integers.
80        Use 2L or 2.0 to avoid implicit integers.
81        Use 2L or 2.0 to avoid implicit integers.
82        Use 1L or 1.0 to avoid implicit integers.
83        Use 2L or 2.0 to avoid implicit integers.
84        Use 4L or 4.0 to avoid implicit integers.
85        Use 1L or 1.0 to avoid implicit integers.
86        Use 2L or 2.0 to avoid implicit integers.
87        Use 0L or 0.0 to avoid implicit integers.
88        Use 1L or 1.0 to avoid implicit integers.
89        Use 2L or 2.0 to avoid implicit integers.
90        Use 4L or 4.0 to avoid implicit integers.
91        Use 1L or 1.0 to avoid implicit integers.
92        Use 0L or 0.0 to avoid implicit integers.
93        Use 2L or 2.0 to avoid implicit integers.
94        Use 2L or 2.0 to avoid implicit integers.
95        Use 4L or 4.0 to avoid implicit integers.
96        Use 1L or 1.0 to avoid implicit integers.
97        Use 1L or 1.0 to avoid implicit integers.
98        Use 1L or 1.0 to avoid implicit integers.
99        Use 1L or 1.0 to avoid implicit integers.
100       Use 1L or 1.0 to avoid implicit integers.
101       Use 2L or 2.0 to avoid implicit integers.
102       Use 1L or 1.0 to avoid implicit integers.
103       Use 1L or 1.0 to avoid implicit integers.
104       Use 4L or 4.0 to avoid implicit integers.
105       Use 4L or 4.0 to avoid implicit integers.
106       Use 2L or 2.0 to avoid implicit integers.
                                                                               filename
1   /Users/serdarbalci/Documents/GitHub/ClinicoPathJamoviModule/R/advancedraincloud.b.R
2   /Users/serdarbalci/Documents/GitHub/ClinicoPathJamoviModule/R/advancedraincloud.b.R
3   /Users/serdarbalci/Documents/GitHub/ClinicoPathJamoviModule/R/advancedraincloud.b.R
4   /Users/serdarbalci/Documents/GitHub/ClinicoPathJamoviModule/R/advancedraincloud.b.R
5   /Users/serdarbalci/Documents/GitHub/ClinicoPathJamoviModule/R/advancedraincloud.b.R
6   /Users/serdarbalci/Documents/GitHub/ClinicoPathJamoviModule/R/advancedraincloud.b.R
7   /Users/serdarbalci/Documents/GitHub/ClinicoPathJamoviModule/R/advancedraincloud.b.R
8   /Users/serdarbalci/Documents/GitHub/ClinicoPathJamoviModule/R/advancedraincloud.b.R
9   /Users/serdarbalci/Documents/GitHub/ClinicoPathJamoviModule/R/advancedraincloud.b.R
10  /Users/serdarbalci/Documents/GitHub/ClinicoPathJamoviModule/R/advancedraincloud.b.R
11  /Users/serdarbalci/Documents/GitHub/ClinicoPathJamoviModule/R/advancedraincloud.b.R
12  /Users/serdarbalci/Documents/GitHub/ClinicoPathJamoviModule/R/advancedraincloud.b.R
13  /Users/serdarbalci/Documents/GitHub/ClinicoPathJamoviModule/R/advancedraincloud.b.R
14  /Users/serdarbalci/Documents/GitHub/ClinicoPathJamoviModule/R/advancedraincloud.b.R
15  /Users/serdarbalci/Documents/GitHub/ClinicoPathJamoviModule/R/advancedraincloud.b.R
16  /Users/serdarbalci/Documents/GitHub/ClinicoPathJamoviModule/R/advancedraincloud.b.R
17  /Users/serdarbalci/Documents/GitHub/ClinicoPathJamoviModule/R/advancedraincloud.b.R
18  /Users/serdarbalci/Documents/GitHub/ClinicoPathJamoviModule/R/advancedraincloud.b.R
19  /Users/serdarbalci/Documents/GitHub/ClinicoPathJamoviModule/R/advancedraincloud.b.R
20  /Users/serdarbalci/Documents/GitHub/ClinicoPathJamoviModule/R/advancedraincloud.b.R
21  /Users/serdarbalci/Documents/GitHub/ClinicoPathJamoviModule/R/advancedraincloud.b.R
22  /Users/serdarbalci/Documents/GitHub/ClinicoPathJamoviModule/R/advancedraincloud.b.R
23  /Users/serdarbalci/Documents/GitHub/ClinicoPathJamoviModule/R/advancedraincloud.b.R
24  /Users/serdarbalci/Documents/GitHub/ClinicoPathJamoviModule/R/advancedraincloud.b.R
25  /Users/serdarbalci/Documents/GitHub/ClinicoPathJamoviModule/R/advancedraincloud.b.R
26  /Users/serdarbalci/Documents/GitHub/ClinicoPathJamoviModule/R/advancedraincloud.b.R
27  /Users/serdarbalci/Documents/GitHub/ClinicoPathJamoviModule/R/advancedraincloud.b.R
28  /Users/serdarbalci/Documents/GitHub/ClinicoPathJamoviModule/R/advancedraincloud.b.R
29  /Users/serdarbalci/Documents/GitHub/ClinicoPathJamoviModule/R/advancedraincloud.b.R
30  /Users/serdarbalci/Documents/GitHub/ClinicoPathJamoviModule/R/advancedraincloud.b.R
31  /Users/serdarbalci/Documents/GitHub/ClinicoPathJamoviModule/R/advancedraincloud.b.R
32  /Users/serdarbalci/Documents/GitHub/ClinicoPathJamoviModule/R/advancedraincloud.b.R
33  /Users/serdarbalci/Documents/GitHub/ClinicoPathJamoviModule/R/advancedraincloud.b.R
34  /Users/serdarbalci/Documents/GitHub/ClinicoPathJamoviModule/R/advancedraincloud.b.R
35  /Users/serdarbalci/Documents/GitHub/ClinicoPathJamoviModule/R/advancedraincloud.b.R
36  /Users/serdarbalci/Documents/GitHub/ClinicoPathJamoviModule/R/advancedraincloud.b.R
37  /Users/serdarbalci/Documents/GitHub/ClinicoPathJamoviModule/R/advancedraincloud.b.R
38  /Users/serdarbalci/Documents/GitHub/ClinicoPathJamoviModule/R/advancedraincloud.b.R
39  /Users/serdarbalci/Documents/GitHub/ClinicoPathJamoviModule/R/advancedraincloud.b.R
40  /Users/serdarbalci/Documents/GitHub/ClinicoPathJamoviModule/R/advancedraincloud.b.R
41  /Users/serdarbalci/Documents/GitHub/ClinicoPathJamoviModule/R/advancedraincloud.b.R
42  /Users/serdarbalci/Documents/GitHub/ClinicoPathJamoviModule/R/advancedraincloud.b.R
43  /Users/serdarbalci/Documents/GitHub/ClinicoPathJamoviModule/R/advancedraincloud.b.R
44  /Users/serdarbalci/Documents/GitHub/ClinicoPathJamoviModule/R/advancedraincloud.b.R
45  /Users/serdarbalci/Documents/GitHub/ClinicoPathJamoviModule/R/advancedraincloud.b.R
46  /Users/serdarbalci/Documents/GitHub/ClinicoPathJamoviModule/R/advancedraincloud.b.R
47  /Users/serdarbalci/Documents/GitHub/ClinicoPathJamoviModule/R/advancedraincloud.b.R
48  /Users/serdarbalci/Documents/GitHub/ClinicoPathJamoviModule/R/advancedraincloud.b.R
49  /Users/serdarbalci/Documents/GitHub/ClinicoPathJamoviModule/R/advancedraincloud.b.R
50  /Users/serdarbalci/Documents/GitHub/ClinicoPathJamoviModule/R/advancedraincloud.b.R
51  /Users/serdarbalci/Documents/GitHub/ClinicoPathJamoviModule/R/advancedraincloud.b.R
52  /Users/serdarbalci/Documents/GitHub/ClinicoPathJamoviModule/R/advancedraincloud.b.R
53  /Users/serdarbalci/Documents/GitHub/ClinicoPathJamoviModule/R/advancedraincloud.b.R
54  /Users/serdarbalci/Documents/GitHub/ClinicoPathJamoviModule/R/advancedraincloud.b.R
55  /Users/serdarbalci/Documents/GitHub/ClinicoPathJamoviModule/R/advancedraincloud.b.R
56  /Users/serdarbalci/Documents/GitHub/ClinicoPathJamoviModule/R/advancedraincloud.b.R
57  /Users/serdarbalci/Documents/GitHub/ClinicoPathJamoviModule/R/advancedraincloud.b.R
58  /Users/serdarbalci/Documents/GitHub/ClinicoPathJamoviModule/R/advancedraincloud.b.R
59  /Users/serdarbalci/Documents/GitHub/ClinicoPathJamoviModule/R/advancedraincloud.b.R
60  /Users/serdarbalci/Documents/GitHub/ClinicoPathJamoviModule/R/advancedraincloud.b.R
61  /Users/serdarbalci/Documents/GitHub/ClinicoPathJamoviModule/R/advancedraincloud.b.R
62  /Users/serdarbalci/Documents/GitHub/ClinicoPathJamoviModule/R/advancedraincloud.b.R
63  /Users/serdarbalci/Documents/GitHub/ClinicoPathJamoviModule/R/advancedraincloud.b.R
64  /Users/serdarbalci/Documents/GitHub/ClinicoPathJamoviModule/R/advancedraincloud.b.R
65  /Users/serdarbalci/Documents/GitHub/ClinicoPathJamoviModule/R/advancedraincloud.b.R
66  /Users/serdarbalci/Documents/GitHub/ClinicoPathJamoviModule/R/advancedraincloud.b.R
67  /Users/serdarbalci/Documents/GitHub/ClinicoPathJamoviModule/R/advancedraincloud.b.R
68  /Users/serdarbalci/Documents/GitHub/ClinicoPathJamoviModule/R/advancedraincloud.b.R
69  /Users/serdarbalci/Documents/GitHub/ClinicoPathJamoviModule/R/advancedraincloud.b.R
70  /Users/serdarbalci/Documents/GitHub/ClinicoPathJamoviModule/R/advancedraincloud.b.R
71  /Users/serdarbalci/Documents/GitHub/ClinicoPathJamoviModule/R/advancedraincloud.b.R
72  /Users/serdarbalci/Documents/GitHub/ClinicoPathJamoviModule/R/advancedraincloud.b.R
73  /Users/serdarbalci/Documents/GitHub/ClinicoPathJamoviModule/R/advancedraincloud.b.R
74  /Users/serdarbalci/Documents/GitHub/ClinicoPathJamoviModule/R/advancedraincloud.b.R
75  /Users/serdarbalci/Documents/GitHub/ClinicoPathJamoviModule/R/advancedraincloud.b.R
76  /Users/serdarbalci/Documents/GitHub/ClinicoPathJamoviModule/R/advancedraincloud.b.R
77  /Users/serdarbalci/Documents/GitHub/ClinicoPathJamoviModule/R/advancedraincloud.b.R
78  /Users/serdarbalci/Documents/GitHub/ClinicoPathJamoviModule/R/advancedraincloud.b.R
79  /Users/serdarbalci/Documents/GitHub/ClinicoPathJamoviModule/R/advancedraincloud.b.R
80  /Users/serdarbalci/Documents/GitHub/ClinicoPathJamoviModule/R/advancedraincloud.b.R
81  /Users/serdarbalci/Documents/GitHub/ClinicoPathJamoviModule/R/advancedraincloud.b.R
82  /Users/serdarbalci/Documents/GitHub/ClinicoPathJamoviModule/R/advancedraincloud.b.R
83  /Users/serdarbalci/Documents/GitHub/ClinicoPathJamoviModule/R/advancedraincloud.b.R
84  /Users/serdarbalci/Documents/GitHub/ClinicoPathJamoviModule/R/advancedraincloud.b.R
85  /Users/serdarbalci/Documents/GitHub/ClinicoPathJamoviModule/R/advancedraincloud.b.R
86  /Users/serdarbalci/Documents/GitHub/ClinicoPathJamoviModule/R/advancedraincloud.b.R
87  /Users/serdarbalci/Documents/GitHub/ClinicoPathJamoviModule/R/advancedraincloud.b.R
88  /Users/serdarbalci/Documents/GitHub/ClinicoPathJamoviModule/R/advancedraincloud.b.R
89  /Users/serdarbalci/Documents/GitHub/ClinicoPathJamoviModule/R/advancedraincloud.b.R
90  /Users/serdarbalci/Documents/GitHub/ClinicoPathJamoviModule/R/advancedraincloud.b.R
91  /Users/serdarbalci/Documents/GitHub/ClinicoPathJamoviModule/R/advancedraincloud.b.R
92  /Users/serdarbalci/Documents/GitHub/ClinicoPathJamoviModule/R/advancedraincloud.b.R
93  /Users/serdarbalci/Documents/GitHub/ClinicoPathJamoviModule/R/advancedraincloud.b.R
94  /Users/serdarbalci/Documents/GitHub/ClinicoPathJamoviModule/R/advancedraincloud.b.R
95  /Users/serdarbalci/Documents/GitHub/ClinicoPathJamoviModule/R/advancedraincloud.b.R
96  /Users/serdarbalci/Documents/GitHub/ClinicoPathJamoviModule/R/advancedraincloud.b.R
97  /Users/serdarbalci/Documents/GitHub/ClinicoPathJamoviModule/R/advancedraincloud.b.R
98  /Users/serdarbalci/Documents/GitHub/ClinicoPathJamoviModule/R/advancedraincloud.b.R
99  /Users/serdarbalci/Documents/GitHub/ClinicoPathJamoviModule/R/advancedraincloud.b.R
100 /Users/serdarbalci/Documents/GitHub/ClinicoPathJamoviModule/R/advancedraincloud.b.R
101 /Users/serdarbalci/Documents/GitHub/ClinicoPathJamoviModule/R/advancedraincloud.b.R
102 /Users/serdarbalci/Documents/GitHub/ClinicoPathJamoviModule/R/advancedraincloud.b.R
103 /Users/serdarbalci/Documents/GitHub/ClinicoPathJamoviModule/R/advancedraincloud.b.R
104 /Users/serdarbalci/Documents/GitHub/ClinicoPathJamoviModule/R/advancedraincloud.b.R
105 /Users/serdarbalci/Documents/GitHub/ClinicoPathJamoviModule/R/advancedraincloud.b.R
106 /Users/serdarbalci/Documents/GitHub/ClinicoPathJamoviModule/R/advancedraincloud.b.R
107 /Users/serdarbalci/Documents/GitHub/ClinicoPathJamoviModule/R/advancedraincloud.b.R
108 /Users/serdarbalci/Documents/GitHub/ClinicoPathJamoviModule/R/advancedraincloud.b.R
109 /Users/serdarbalci/Documents/GitHub/ClinicoPathJamoviModule/R/advancedraincloud.b.R
110 /Users/serdarbalci/Documents/GitHub/ClinicoPathJamoviModule/R/advancedraincloud.b.R
111 /Users/serdarbalci/Documents/GitHub/ClinicoPathJamoviModule/R/advancedraincloud.b.R
112 /Users/serdarbalci/Documents/GitHub/ClinicoPathJamoviModule/R/advancedraincloud.b.R
113 /Users/serdarbalci/Documents/GitHub/ClinicoPathJamoviModule/R/advancedraincloud.b.R
114 /Users/serdarbalci/Documents/GitHub/ClinicoPathJamoviModule/R/advancedraincloud.b.R
115 /Users/serdarbalci/Documents/GitHub/ClinicoPathJamoviModule/R/advancedraincloud.b.R
116 /Users/serdarbalci/Documents/GitHub/ClinicoPathJamoviModule/R/advancedraincloud.b.R
117 /Users/serdarbalci/Documents/GitHub/ClinicoPathJamoviModule/R/advancedraincloud.b.R
118 /Users/serdarbalci/Documents/GitHub/ClinicoPathJamoviModule/R/advancedraincloud.b.R
119 /Users/serdarbalci/Documents/GitHub/ClinicoPathJamoviModule/R/advancedraincloud.b.R
120 /Users/serdarbalci/Documents/GitHub/ClinicoPathJamoviModule/R/advancedraincloud.b.R
121 /Users/serdarbalci/Documents/GitHub/ClinicoPathJamoviModule/R/advancedraincloud.b.R
122 /Users/serdarbalci/Documents/GitHub/ClinicoPathJamoviModule/R/advancedraincloud.b.R
123 /Users/serdarbalci/Documents/GitHub/ClinicoPathJamoviModule/R/advancedraincloud.b.R
124 /Users/serdarbalci/Documents/GitHub/ClinicoPathJamoviModule/R/advancedraincloud.b.R
125 /Users/serdarbalci/Documents/GitHub/ClinicoPathJamoviModule/R/advancedraincloud.b.R
126 /Users/serdarbalci/Documents/GitHub/ClinicoPathJamoviModule/R/advancedraincloud.b.R
127 /Users/serdarbalci/Documents/GitHub/ClinicoPathJamoviModule/R/advancedraincloud.b.R
128 /Users/serdarbalci/Documents/GitHub/ClinicoPathJamoviModule/R/advancedraincloud.b.R
129 /Users/serdarbalci/Documents/GitHub/ClinicoPathJamoviModule/R/advancedraincloud.b.R
130 /Users/serdarbalci/Documents/GitHub/ClinicoPathJamoviModule/R/advancedraincloud.b.R
131 /Users/serdarbalci/Documents/GitHub/ClinicoPathJamoviModule/R/advancedraincloud.b.R
132 /Users/serdarbalci/Documents/GitHub/ClinicoPathJamoviModule/R/advancedraincloud.b.R
133 /Users/serdarbalci/Documents/GitHub/ClinicoPathJamoviModule/R/advancedraincloud.b.R
134 /Users/serdarbalci/Documents/GitHub/ClinicoPathJamoviModule/R/advancedraincloud.b.R
135 /Users/serdarbalci/Documents/GitHub/ClinicoPathJamoviModule/R/advancedraincloud.b.R
136 /Users/serdarbalci/Documents/GitHub/ClinicoPathJamoviModule/R/advancedraincloud.b.R
137 /Users/serdarbalci/Documents/GitHub/ClinicoPathJamoviModule/R/advancedraincloud.b.R
138 /Users/serdarbalci/Documents/GitHub/ClinicoPathJamoviModule/R/advancedraincloud.b.R
139 /Users/serdarbalci/Documents/GitHub/ClinicoPathJamoviModule/R/advancedraincloud.b.R
140 /Users/serdarbalci/Documents/GitHub/ClinicoPathJamoviModule/R/advancedraincloud.b.R
141 /Users/serdarbalci/Documents/GitHub/ClinicoPathJamoviModule/R/advancedraincloud.b.R
142 /Users/serdarbalci/Documents/GitHub/ClinicoPathJamoviModule/R/advancedraincloud.b.R
143 /Users/serdarbalci/Documents/GitHub/ClinicoPathJamoviModule/R/advancedraincloud.b.R
144 /Users/serdarbalci/Documents/GitHub/ClinicoPathJamoviModule/R/advancedraincloud.b.R
145 /Users/serdarbalci/Documents/GitHub/ClinicoPathJamoviModule/R/advancedraincloud.b.R
146 /Users/serdarbalci/Documents/GitHub/ClinicoPathJamoviModule/R/advancedraincloud.b.R
147 /Users/serdarbalci/Documents/GitHub/ClinicoPathJamoviModule/R/advancedraincloud.b.R
148 /Users/serdarbalci/Documents/GitHub/ClinicoPathJamoviModule/R/advancedraincloud.b.R
149 /Users/serdarbalci/Documents/GitHub/ClinicoPathJamoviModule/R/advancedraincloud.b.R
150 /Users/serdarbalci/Documents/GitHub/ClinicoPathJamoviModule/R/advancedraincloud.b.R
151 /Users/serdarbalci/Documents/GitHub/ClinicoPathJamoviModule/R/advancedraincloud.b.R
152 /Users/serdarbalci/Documents/GitHub/ClinicoPathJamoviModule/R/advancedraincloud.b.R
153 /Users/serdarbalci/Documents/GitHub/ClinicoPathJamoviModule/R/advancedraincloud.b.R
154 /Users/serdarbalci/Documents/GitHub/ClinicoPathJamoviModule/R/advancedraincloud.b.R
155 /Users/serdarbalci/Documents/GitHub/ClinicoPathJamoviModule/R/advancedraincloud.b.R
156 /Users/serdarbalci/Documents/GitHub/ClinicoPathJamoviModule/R/advancedraincloud.b.R
157 /Users/serdarbalci/Documents/GitHub/ClinicoPathJamoviModule/R/advancedraincloud.b.R
158 /Users/serdarbalci/Documents/GitHub/ClinicoPathJamoviModule/R/advancedraincloud.b.R
159 /Users/serdarbalci/Documents/GitHub/ClinicoPathJamoviModule/R/advancedraincloud.b.R
160 /Users/serdarbalci/Documents/GitHub/ClinicoPathJamoviModule/R/advancedraincloud.b.R
161 /Users/serdarbalci/Documents/GitHub/ClinicoPathJamoviModule/R/advancedraincloud.b.R
162 /Users/serdarbalci/Documents/GitHub/ClinicoPathJamoviModule/R/advancedraincloud.b.R
163 /Users/serdarbalci/Documents/GitHub/ClinicoPathJamoviModule/R/advancedraincloud.b.R
164 /Users/serdarbalci/Documents/GitHub/ClinicoPathJamoviModule/R/advancedraincloud.b.R
165 /Users/serdarbalci/Documents/GitHub/ClinicoPathJamoviModule/R/advancedraincloud.b.R
166 /Users/serdarbalci/Documents/GitHub/ClinicoPathJamoviModule/R/advancedraincloud.b.R
167 /Users/serdarbalci/Documents/GitHub/ClinicoPathJamoviModule/R/advancedraincloud.b.R
168 /Users/serdarbalci/Documents/GitHub/ClinicoPathJamoviModule/R/advancedraincloud.b.R
169 /Users/serdarbalci/Documents/GitHub/ClinicoPathJamoviModule/R/advancedraincloud.b.R
170 /Users/serdarbalci/Documents/GitHub/ClinicoPathJamoviModule/R/advancedraincloud.b.R
171 /Users/serdarbalci/Documents/GitHub/ClinicoPathJamoviModule/R/advancedraincloud.b.R
172 /Users/serdarbalci/Documents/GitHub/ClinicoPathJamoviModule/R/advancedraincloud.b.R
173 /Users/serdarbalci/Documents/GitHub/ClinicoPathJamoviModule/R/advancedraincloud.b.R
174 /Users/serdarbalci/Documents/GitHub/ClinicoPathJamoviModule/R/advancedraincloud.b.R
175 /Users/serdarbalci/Documents/GitHub/ClinicoPathJamoviModule/R/advancedraincloud.b.R
176 /Users/serdarbalci/Documents/GitHub/ClinicoPathJamoviModule/R/advancedraincloud.b.R
177 /Users/serdarbalci/Documents/GitHub/ClinicoPathJamoviModule/R/advancedraincloud.b.R
178 /Users/serdarbalci/Documents/GitHub/ClinicoPathJamoviModule/R/advancedraincloud.b.R
179 /Users/serdarbalci/Documents/GitHub/ClinicoPathJamoviModule/R/advancedraincloud.b.R
180 /Users/serdarbalci/Documents/GitHub/ClinicoPathJamoviModule/R/advancedraincloud.b.R
181 /Users/serdarbalci/Documents/GitHub/ClinicoPathJamoviModule/R/advancedraincloud.b.R
182 /Users/serdarbalci/Documents/GitHub/ClinicoPathJamoviModule/R/advancedraincloud.b.R
183 /Users/serdarbalci/Documents/GitHub/ClinicoPathJamoviModule/R/advancedraincloud.b.R
184 /Users/serdarbalci/Documents/GitHub/ClinicoPathJamoviModule/R/advancedraincloud.b.R
185 /Users/serdarbalci/Documents/GitHub/ClinicoPathJamoviModule/R/advancedraincloud.b.R
186 /Users/serdarbalci/Documents/GitHub/ClinicoPathJamoviModule/R/advancedraincloud.b.R
187 /Users/serdarbalci/Documents/GitHub/ClinicoPathJamoviModule/R/advancedraincloud.b.R
188 /Users/serdarbalci/Documents/GitHub/ClinicoPathJamoviModule/R/advancedraincloud.b.R
189 /Users/serdarbalci/Documents/GitHub/ClinicoPathJamoviModule/R/advancedraincloud.b.R
190 /Users/serdarbalci/Documents/GitHub/ClinicoPathJamoviModule/R/advancedraincloud.b.R
191 /Users/serdarbalci/Documents/GitHub/ClinicoPathJamoviModule/R/advancedraincloud.b.R
192 /Users/serdarbalci/Documents/GitHub/ClinicoPathJamoviModule/R/advancedraincloud.b.R
193 /Users/serdarbalci/Documents/GitHub/ClinicoPathJamoviModule/R/advancedraincloud.b.R
194 /Users/serdarbalci/Documents/GitHub/ClinicoPathJamoviModule/R/advancedraincloud.b.R
    line_number                  linter
1            31 implicit_integer_linter
2            32 implicit_integer_linter
3            33 implicit_integer_linter
4            48 implicit_integer_linter
5            66 implicit_integer_linter
6            66 implicit_integer_linter
7            67 implicit_integer_linter
8            67 implicit_integer_linter
9            68 implicit_integer_linter
10           69 implicit_integer_linter
11           76 implicit_integer_linter
12           76 implicit_integer_linter
13           81 implicit_integer_linter
14           81 implicit_integer_linter
15           82 implicit_integer_linter
16           82 implicit_integer_linter
17           98 implicit_integer_linter
18           98 implicit_integer_linter
19          123 implicit_integer_linter
20          128 implicit_integer_linter
21          142 implicit_integer_linter
22          150 implicit_integer_linter
23          150 implicit_integer_linter
24          158 implicit_integer_linter
25          171 implicit_integer_linter
26          171 implicit_integer_linter
27          172 implicit_integer_linter
28          172 implicit_integer_linter
29          173 implicit_integer_linter
30          174 implicit_integer_linter
31          190 implicit_integer_linter
32          196 implicit_integer_linter
33          196 implicit_integer_linter
34          250 implicit_integer_linter
35          309 implicit_integer_linter
36          333 implicit_integer_linter
37          335 implicit_integer_linter
38          410 implicit_integer_linter
39          413 implicit_integer_linter
40          476 implicit_integer_linter
41          477 implicit_integer_linter
42          479 implicit_integer_linter
43          487 implicit_integer_linter
44          498 implicit_integer_linter
45          521 implicit_integer_linter
46          521 implicit_integer_linter
47          533 implicit_integer_linter
48          537 implicit_integer_linter
49          573 implicit_integer_linter
50          579 implicit_integer_linter
51          653 implicit_integer_linter
52          657 implicit_integer_linter
53          657 implicit_integer_linter
54          662 implicit_integer_linter
55          664 implicit_integer_linter
56          667 implicit_integer_linter
57          670 implicit_integer_linter
58          712 implicit_integer_linter
59          713 implicit_integer_linter
60          776 implicit_integer_linter
61          784 implicit_integer_linter
62          890 implicit_integer_linter
63          895 implicit_integer_linter
64          905 implicit_integer_linter
65          930 implicit_integer_linter
66          935 implicit_integer_linter
67          946 implicit_integer_linter
68          947 implicit_integer_linter
69          961 implicit_integer_linter
70          969 implicit_integer_linter
71          978 implicit_integer_linter
72          979 implicit_integer_linter
73         1020 implicit_integer_linter
74         1030 implicit_integer_linter
75         1037 implicit_integer_linter
76         1055 implicit_integer_linter
77         1121 implicit_integer_linter
78         1128 implicit_integer_linter
79         1140 implicit_integer_linter
80         1151 implicit_integer_linter
81         1152 implicit_integer_linter
82         1152 implicit_integer_linter
83         1154 implicit_integer_linter
84         1161 implicit_integer_linter
85         1174 implicit_integer_linter
86         1175 implicit_integer_linter
87         1176 implicit_integer_linter
88         1177 implicit_integer_linter
89         1178 implicit_integer_linter
90         1234 implicit_integer_linter
91         1244 implicit_integer_linter
92         1253 implicit_integer_linter
93         1254 implicit_integer_linter
94         1255 implicit_integer_linter
95         1260 implicit_integer_linter
96         1270 implicit_integer_linter
97         1282 implicit_integer_linter
98         1417 implicit_integer_linter
99         1427 implicit_integer_linter
100        1445 implicit_integer_linter
101        1445 implicit_integer_linter
102        1446 implicit_integer_linter
103        1448 implicit_integer_linter
104        1448 implicit_integer_linter
105        1449 implicit_integer_linter
106        1450 implicit_integer_linter
107        1486 implicit_integer_linter
108        1486 implicit_integer_linter
109        1495 implicit_integer_linter
110        1528 implicit_integer_linter
111        1528 implicit_integer_linter
112        1528 implicit_integer_linter
113        1528 implicit_integer_linter
114        1528 implicit_integer_linter
115        1530 implicit_integer_linter
116        1542 implicit_integer_linter
117        1542 implicit_integer_linter
118        1545 implicit_integer_linter
119        1545 implicit_integer_linter
120        1545 implicit_integer_linter
121        1545 implicit_integer_linter
122        1545 implicit_integer_linter
123        1547 implicit_integer_linter
124        1558 implicit_integer_linter
125        1558 implicit_integer_linter
126        1558 implicit_integer_linter
127        1558 implicit_integer_linter
128        1558 implicit_integer_linter
129        1561 implicit_integer_linter
130        1561 implicit_integer_linter
131        1565 implicit_integer_linter
132        1577 implicit_integer_linter
133        1578 implicit_integer_linter
134        1578 implicit_integer_linter
135        1578 implicit_integer_linter
136        1579 implicit_integer_linter
137        1579 implicit_integer_linter
138        1579 implicit_integer_linter
139        1584 implicit_integer_linter
140        1584 implicit_integer_linter
141        1584 implicit_integer_linter
142        1612 implicit_integer_linter
143        1646 implicit_integer_linter
144        1657 implicit_integer_linter
145        1657 implicit_integer_linter
146        1681 implicit_integer_linter
147        1688 implicit_integer_linter
148        1707 implicit_integer_linter
149        1707 implicit_integer_linter
150        1728 implicit_integer_linter
151        1737 implicit_integer_linter
152        1754 implicit_integer_linter
153        1759 implicit_integer_linter
154        1766 implicit_integer_linter
155        1777 implicit_integer_linter
156        1778 implicit_integer_linter
157        1779 implicit_integer_linter
158        1789 implicit_integer_linter
159        1789 implicit_integer_linter
160        1789 implicit_integer_linter
161        1789 implicit_integer_linter
162        1792 implicit_integer_linter
163        1793 implicit_integer_linter
164        1794 implicit_integer_linter
165        1796 implicit_integer_linter
166        1822 implicit_integer_linter
167        1822 implicit_integer_linter
168        1822 implicit_integer_linter
169        1881 implicit_integer_linter
170        1885 implicit_integer_linter
171        1907 implicit_integer_linter
172        1908 implicit_integer_linter
173        1957 implicit_integer_linter
174        1958 implicit_integer_linter
175        1959 implicit_integer_linter
176        1960 implicit_integer_linter
177        1961 implicit_integer_linter
178        1967 implicit_integer_linter
179        1968 implicit_integer_linter
180        1969 implicit_integer_linter
181        1975 implicit_integer_linter
182        1976 implicit_integer_linter
183        1982 implicit_integer_linter
184        1983 implicit_integer_linter
185        1984 implicit_integer_linter
186        1990 implicit_integer_linter
187        1991 implicit_integer_linter
188        2008 implicit_integer_linter
189        2008 implicit_integer_linter
190        2020 implicit_integer_linter
191        2020 implicit_integer_linter
192        2023 implicit_integer_linter
193        2073 implicit_integer_linter
194        2094 implicit_integer_linter
                                          message
1     Use 10L or 10.0 to avoid implicit integers.
2     Use 20L or 20.0 to avoid implicit integers.
3     Use 20L or 20.0 to avoid implicit integers.
4       Use 0L or 0.0 to avoid implicit integers.
5       Use 0L or 0.0 to avoid implicit integers.
6       Use 1L or 1.0 to avoid implicit integers.
7       Use 0L or 0.0 to avoid implicit integers.
8       Use 1L or 1.0 to avoid implicit integers.
9       Use 5L or 5.0 to avoid implicit integers.
10      Use 1L or 1.0 to avoid implicit integers.
11      Use 0L or 0.0 to avoid implicit integers.
12  Use 100L or 100.0 to avoid implicit integers.
13      Use 1L or 1.0 to avoid implicit integers.
14    Use 50L or 50.0 to avoid implicit integers.
15      Use 1L or 1.0 to avoid implicit integers.
16    Use 50L or 50.0 to avoid implicit integers.
17      Use 0L or 0.0 to avoid implicit integers.
18      Use 0L or 0.0 to avoid implicit integers.
19      Use 0L or 0.0 to avoid implicit integers.
20      Use 1L or 1.0 to avoid implicit integers.
21      Use 0L or 0.0 to avoid implicit integers.
22      Use 2L or 2.0 to avoid implicit integers.
23      Use 0L or 0.0 to avoid implicit integers.
24      Use 1L or 1.0 to avoid implicit integers.
25      Use 0L or 0.0 to avoid implicit integers.
26      Use 1L or 1.0 to avoid implicit integers.
27      Use 1L or 1.0 to avoid implicit integers.
28      Use 0L or 0.0 to avoid implicit integers.
29  Use 100L or 100.0 to avoid implicit integers.
30      Use 0L or 0.0 to avoid implicit integers.
31      Use 0L or 0.0 to avoid implicit integers.
32      Use 0L or 0.0 to avoid implicit integers.
33      Use 0L or 0.0 to avoid implicit integers.
34      Use 0L or 0.0 to avoid implicit integers.
35      Use 0L or 0.0 to avoid implicit integers.
36      Use 0L or 0.0 to avoid implicit integers.
37      Use 0L or 0.0 to avoid implicit integers.
38      Use 2L or 2.0 to avoid implicit integers.
39      Use 1L or 1.0 to avoid implicit integers.
40      Use 1L or 1.0 to avoid implicit integers.
41      Use 0L or 0.0 to avoid implicit integers.
42      Use 3L or 3.0 to avoid implicit integers.
43      Use 1L or 1.0 to avoid implicit integers.
44      Use 1L or 1.0 to avoid implicit integers.
45    Use 15L or 15.0 to avoid implicit integers.
46      Use 5L or 5.0 to avoid implicit integers.
47      Use 0L or 0.0 to avoid implicit integers.
48      Use 0L or 0.0 to avoid implicit integers.
49      Use 0L or 0.0 to avoid implicit integers.
50      Use 0L or 0.0 to avoid implicit integers.
51      Use 0L or 0.0 to avoid implicit integers.
52  Use 100L or 100.0 to avoid implicit integers.
53      Use 1L or 1.0 to avoid implicit integers.
54      Use 0L or 0.0 to avoid implicit integers.
55      Use 1L or 1.0 to avoid implicit integers.
56      Use 0L or 0.0 to avoid implicit integers.
57      Use 3L or 3.0 to avoid implicit integers.
58    Use 15L or 15.0 to avoid implicit integers.
59      Use 5L or 5.0 to avoid implicit integers.
60      Use 0L or 0.0 to avoid implicit integers.
61      Use 0L or 0.0 to avoid implicit integers.
62      Use 0L or 0.0 to avoid implicit integers.
63      Use 1L or 1.0 to avoid implicit integers.
64      Use 3L or 3.0 to avoid implicit integers.
65      Use 3L or 3.0 to avoid implicit integers.
66      Use 0L or 0.0 to avoid implicit integers.
67      Use 2L or 2.0 to avoid implicit integers.
68      Use 2L or 2.0 to avoid implicit integers.
69      Use 1L or 1.0 to avoid implicit integers.
70      Use 3L or 3.0 to avoid implicit integers.
71  Use 100L or 100.0 to avoid implicit integers.
72  Use 100L or 100.0 to avoid implicit integers.
73      Use 0L or 0.0 to avoid implicit integers.
74      Use 0L or 0.0 to avoid implicit integers.
75      Use 1L or 1.0 to avoid implicit integers.
76      Use 1L or 1.0 to avoid implicit integers.
77      Use 0L or 0.0 to avoid implicit integers.
78      Use 1L or 1.0 to avoid implicit integers.
79      Use 1L or 1.0 to avoid implicit integers.
80      Use 8L or 8.0 to avoid implicit integers.
81      Use 3L or 3.0 to avoid implicit integers.
82      Use 1L or 1.0 to avoid implicit integers.
83      Use 8L or 8.0 to avoid implicit integers.
84      Use 1L or 1.0 to avoid implicit integers.
85      Use 3L or 3.0 to avoid implicit integers.
86      Use 3L or 3.0 to avoid implicit integers.
87      Use 3L or 3.0 to avoid implicit integers.
88      Use 3L or 3.0 to avoid implicit integers.
89      Use 3L or 3.0 to avoid implicit integers.
90      Use 0L or 0.0 to avoid implicit integers.
91      Use 2L or 2.0 to avoid implicit integers.
92      Use 2L or 2.0 to avoid implicit integers.
93      Use 1L or 1.0 to avoid implicit integers.
94      Use 2L or 2.0 to avoid implicit integers.
95      Use 4L or 4.0 to avoid implicit integers.
96      Use 4L or 4.0 to avoid implicit integers.
97      Use 2L or 2.0 to avoid implicit integers.
98      Use 2L or 2.0 to avoid implicit integers.
99      Use 1L or 1.0 to avoid implicit integers.
100   Use -1L or -1.0 to avoid implicit integers.
101     Use 2L or 2.0 to avoid implicit integers.
102     Use 0L or 0.0 to avoid implicit integers.
103     Use 1L or 1.0 to avoid implicit integers.
104   Use -1L or -1.0 to avoid implicit integers.
105     Use 1L or 1.0 to avoid implicit integers.
106     Use 1L or 1.0 to avoid implicit integers.
107     Use 3L or 3.0 to avoid implicit integers.
108     Use 3L or 3.0 to avoid implicit integers.
109     Use 3L or 3.0 to avoid implicit integers.
110   Use -1L or -1.0 to avoid implicit integers.
111     Use 2L or 2.0 to avoid implicit integers.
112   Use -1L or -1.0 to avoid implicit integers.
113     Use 2L or 2.0 to avoid implicit integers.
114   Use -2L or -2.0 to avoid implicit integers.
115     Use 0L or 0.0 to avoid implicit integers.
116     Use 2L or 2.0 to avoid implicit integers.
117     Use 2L or 2.0 to avoid implicit integers.
118   Use -1L or -1.0 to avoid implicit integers.
119     Use 2L or 2.0 to avoid implicit integers.
120   Use -1L or -1.0 to avoid implicit integers.
121     Use 2L or 2.0 to avoid implicit integers.
122   Use -2L or -2.0 to avoid implicit integers.
123     Use 0L or 0.0 to avoid implicit integers.
124     Use 1L or 1.0 to avoid implicit integers.
125     Use 3L or 3.0 to avoid implicit integers.
126     Use 4L or 4.0 to avoid implicit integers.
127   Use -2L or -2.0 to avoid implicit integers.
128   Use -1L or -1.0 to avoid implicit integers.
129     Use 2L or 2.0 to avoid implicit integers.
130     Use 2L or 2.0 to avoid implicit integers.
131     Use 0L or 0.0 to avoid implicit integers.
132     Use 1L or 1.0 to avoid implicit integers.
133     Use 2L or 2.0 to avoid implicit integers.
134     Use 2L or 2.0 to avoid implicit integers.
135     Use 1L or 1.0 to avoid implicit integers.
136     Use 2L or 2.0 to avoid implicit integers.
137     Use 2L or 2.0 to avoid implicit integers.
138   Use -1L or -1.0 to avoid implicit integers.
139     Use 1L or 1.0 to avoid implicit integers.
140     Use 1L or 1.0 to avoid implicit integers.
141     Use 2L or 2.0 to avoid implicit integers.
142     Use 0L or 0.0 to avoid implicit integers.
143     Use 0L or 0.0 to avoid implicit integers.
144 Use 100L or 100.0 to avoid implicit integers.
145     Use 1L or 1.0 to avoid implicit integers.
146     Use 0L or 0.0 to avoid implicit integers.
147     Use 1L or 1.0 to avoid implicit integers.
148     Use 0L or 0.0 to avoid implicit integers.
149     Use 0L or 0.0 to avoid implicit integers.
150     Use 1L or 1.0 to avoid implicit integers.
151     Use 0L or 0.0 to avoid implicit integers.
152 Use 100L or 100.0 to avoid implicit integers.
153     Use 0L or 0.0 to avoid implicit integers.
154     Use 0L or 0.0 to avoid implicit integers.
155     Use 0L or 0.0 to avoid implicit integers.
156     Use 0L or 0.0 to avoid implicit integers.
157     Use 0L or 0.0 to avoid implicit integers.
158     Use 0L or 0.0 to avoid implicit integers.
159 Use 100L or 100.0 to avoid implicit integers.
160     Use 1L or 1.0 to avoid implicit integers.
161     Use 0L or 0.0 to avoid implicit integers.
162     Use 3L or 3.0 to avoid implicit integers.
163     Use 3L or 3.0 to avoid implicit integers.
164     Use 3L or 3.0 to avoid implicit integers.
165     Use 0L or 0.0 to avoid implicit integers.
166     Use 0L or 0.0 to avoid implicit integers.
167 Use 100L or 100.0 to avoid implicit integers.
168     Use 1L or 1.0 to avoid implicit integers.
169     Use 0L or 0.0 to avoid implicit integers.
170 Use 100L or 100.0 to avoid implicit integers.
171     Use 2L or 2.0 to avoid implicit integers.
172     Use 2L or 2.0 to avoid implicit integers.
173   Use 10L or 10.0 to avoid implicit integers.
174     Use 9L or 9.0 to avoid implicit integers.
175     Use 8L or 8.0 to avoid implicit integers.
176     Use 9L or 9.0 to avoid implicit integers.
177     Use 8L or 8.0 to avoid implicit integers.
178   Use 12L or 12.0 to avoid implicit integers.
179   Use 10L or 10.0 to avoid implicit integers.
180     Use 9L or 9.0 to avoid implicit integers.
181   Use 11L or 11.0 to avoid implicit integers.
182   Use 10L or 10.0 to avoid implicit integers.
183   Use 11L or 11.0 to avoid implicit integers.
184   Use 10L or 10.0 to avoid implicit integers.
185     Use 1L or 1.0 to avoid implicit integers.
186   Use 14L or 14.0 to avoid implicit integers.
187   Use 12L or 12.0 to avoid implicit integers.
188 Use 100L or 100.0 to avoid implicit integers.
189     Use 1L or 1.0 to avoid implicit integers.
190 Use 100L or 100.0 to avoid implicit integers.
191     Use 1L or 1.0 to avoid implicit integers.
192     Use 0L or 0.0 to avoid implicit integers.
193     Use 3L or 3.0 to avoid implicit integers.
194     Use 3L or 3.0 to avoid implicit integers.
                                                                     filename
1  /Users/serdarbalci/Documents/GitHub/ClinicoPathJamoviModule/R/lollipop.b.R
2  /Users/serdarbalci/Documents/GitHub/ClinicoPathJamoviModule/R/lollipop.b.R
3  /Users/serdarbalci/Documents/GitHub/ClinicoPathJamoviModule/R/lollipop.b.R
4  /Users/serdarbalci/Documents/GitHub/ClinicoPathJamoviModule/R/lollipop.b.R
5  /Users/serdarbalci/Documents/GitHub/ClinicoPathJamoviModule/R/lollipop.b.R
6  /Users/serdarbalci/Documents/GitHub/ClinicoPathJamoviModule/R/lollipop.b.R
7  /Users/serdarbalci/Documents/GitHub/ClinicoPathJamoviModule/R/lollipop.b.R
8  /Users/serdarbalci/Documents/GitHub/ClinicoPathJamoviModule/R/lollipop.b.R
9  /Users/serdarbalci/Documents/GitHub/ClinicoPathJamoviModule/R/lollipop.b.R
10 /Users/serdarbalci/Documents/GitHub/ClinicoPathJamoviModule/R/lollipop.b.R
11 /Users/serdarbalci/Documents/GitHub/ClinicoPathJamoviModule/R/lollipop.b.R
12 /Users/serdarbalci/Documents/GitHub/ClinicoPathJamoviModule/R/lollipop.b.R
13 /Users/serdarbalci/Documents/GitHub/ClinicoPathJamoviModule/R/lollipop.b.R
14 /Users/serdarbalci/Documents/GitHub/ClinicoPathJamoviModule/R/lollipop.b.R
15 /Users/serdarbalci/Documents/GitHub/ClinicoPathJamoviModule/R/lollipop.b.R
16 /Users/serdarbalci/Documents/GitHub/ClinicoPathJamoviModule/R/lollipop.b.R
17 /Users/serdarbalci/Documents/GitHub/ClinicoPathJamoviModule/R/lollipop.b.R
18 /Users/serdarbalci/Documents/GitHub/ClinicoPathJamoviModule/R/lollipop.b.R
19 /Users/serdarbalci/Documents/GitHub/ClinicoPathJamoviModule/R/lollipop.b.R
20 /Users/serdarbalci/Documents/GitHub/ClinicoPathJamoviModule/R/lollipop.b.R
21 /Users/serdarbalci/Documents/GitHub/ClinicoPathJamoviModule/R/lollipop.b.R
22 /Users/serdarbalci/Documents/GitHub/ClinicoPathJamoviModule/R/lollipop.b.R
23 /Users/serdarbalci/Documents/GitHub/ClinicoPathJamoviModule/R/lollipop.b.R
24 /Users/serdarbalci/Documents/GitHub/ClinicoPathJamoviModule/R/lollipop.b.R
25 /Users/serdarbalci/Documents/GitHub/ClinicoPathJamoviModule/R/lollipop.b.R
26 /Users/serdarbalci/Documents/GitHub/ClinicoPathJamoviModule/R/lollipop.b.R
27 /Users/serdarbalci/Documents/GitHub/ClinicoPathJamoviModule/R/lollipop.b.R
28 /Users/serdarbalci/Documents/GitHub/ClinicoPathJamoviModule/R/lollipop.b.R
29 /Users/serdarbalci/Documents/GitHub/ClinicoPathJamoviModule/R/lollipop.b.R
30 /Users/serdarbalci/Documents/GitHub/ClinicoPathJamoviModule/R/lollipop.b.R
31 /Users/serdarbalci/Documents/GitHub/ClinicoPathJamoviModule/R/lollipop.b.R
32 /Users/serdarbalci/Documents/GitHub/ClinicoPathJamoviModule/R/lollipop.b.R
33 /Users/serdarbalci/Documents/GitHub/ClinicoPathJamoviModule/R/lollipop.b.R
34 /Users/serdarbalci/Documents/GitHub/ClinicoPathJamoviModule/R/lollipop.b.R
35 /Users/serdarbalci/Documents/GitHub/ClinicoPathJamoviModule/R/lollipop.b.R
36 /Users/serdarbalci/Documents/GitHub/ClinicoPathJamoviModule/R/lollipop.b.R
37 /Users/serdarbalci/Documents/GitHub/ClinicoPathJamoviModule/R/lollipop.b.R
38 /Users/serdarbalci/Documents/GitHub/ClinicoPathJamoviModule/R/lollipop.b.R
39 /Users/serdarbalci/Documents/GitHub/ClinicoPathJamoviModule/R/lollipop.b.R
40 /Users/serdarbalci/Documents/GitHub/ClinicoPathJamoviModule/R/lollipop.b.R
41 /Users/serdarbalci/Documents/GitHub/ClinicoPathJamoviModule/R/lollipop.b.R
42 /Users/serdarbalci/Documents/GitHub/ClinicoPathJamoviModule/R/lollipop.b.R
43 /Users/serdarbalci/Documents/GitHub/ClinicoPathJamoviModule/R/lollipop.b.R
44 /Users/serdarbalci/Documents/GitHub/ClinicoPathJamoviModule/R/lollipop.b.R
45 /Users/serdarbalci/Documents/GitHub/ClinicoPathJamoviModule/R/lollipop.b.R
46 /Users/serdarbalci/Documents/GitHub/ClinicoPathJamoviModule/R/lollipop.b.R
47 /Users/serdarbalci/Documents/GitHub/ClinicoPathJamoviModule/R/lollipop.b.R
48 /Users/serdarbalci/Documents/GitHub/ClinicoPathJamoviModule/R/lollipop.b.R
49 /Users/serdarbalci/Documents/GitHub/ClinicoPathJamoviModule/R/lollipop.b.R
50 /Users/serdarbalci/Documents/GitHub/ClinicoPathJamoviModule/R/lollipop.b.R
51 /Users/serdarbalci/Documents/GitHub/ClinicoPathJamoviModule/R/lollipop.b.R
52 /Users/serdarbalci/Documents/GitHub/ClinicoPathJamoviModule/R/lollipop.b.R
53 /Users/serdarbalci/Documents/GitHub/ClinicoPathJamoviModule/R/lollipop.b.R
54 /Users/serdarbalci/Documents/GitHub/ClinicoPathJamoviModule/R/lollipop.b.R
55 /Users/serdarbalci/Documents/GitHub/ClinicoPathJamoviModule/R/lollipop.b.R
56 /Users/serdarbalci/Documents/GitHub/ClinicoPathJamoviModule/R/lollipop.b.R
   line_number                  linter
1           79 implicit_integer_linter
2           89 implicit_integer_linter
3          103 implicit_integer_linter
4          149 implicit_integer_linter
5          221 implicit_integer_linter
6          314 implicit_integer_linter
7          350 implicit_integer_linter
8          373 implicit_integer_linter
9          377 implicit_integer_linter
10         394 implicit_integer_linter
11         400 implicit_integer_linter
12         400 implicit_integer_linter
13         409 implicit_integer_linter
14         413 implicit_integer_linter
15         436 implicit_integer_linter
16         440 implicit_integer_linter
17         447 implicit_integer_linter
18         579 implicit_integer_linter
19         580 implicit_integer_linter
20         581 implicit_integer_linter
21         581 implicit_integer_linter
22         597 implicit_integer_linter
23         607 implicit_integer_linter
24         621 implicit_integer_linter
25         621 implicit_integer_linter
26         631 implicit_integer_linter
27         669 implicit_integer_linter
28         672 implicit_integer_linter
29         675 implicit_integer_linter
30         678 implicit_integer_linter
31         679 implicit_integer_linter
32         705 implicit_integer_linter
33         740 implicit_integer_linter
34         741 implicit_integer_linter
35         742 implicit_integer_linter
36         760 implicit_integer_linter
37         760 implicit_integer_linter
38         820 implicit_integer_linter
39         869 implicit_integer_linter
40         871 implicit_integer_linter
41         875 implicit_integer_linter
42         877 implicit_integer_linter
43         890 implicit_integer_linter
44         896 implicit_integer_linter
45         900 implicit_integer_linter
46         907 implicit_integer_linter
47         913 implicit_integer_linter
48         917 implicit_integer_linter
49         926 implicit_integer_linter
50         932 implicit_integer_linter
51         938 implicit_integer_linter
52         951 implicit_integer_linter
53         952 implicit_integer_linter
54         952 implicit_integer_linter
55        1020 implicit_integer_linter
56        1026 implicit_integer_linter
                                         message
1      Use 1L or 1.0 to avoid implicit integers.
2      Use 0L or 0.0 to avoid implicit integers.
3      Use 1L or 1.0 to avoid implicit integers.
4      Use 0L or 0.0 to avoid implicit integers.
5      Use 0L or 0.0 to avoid implicit integers.
6      Use 0L or 0.0 to avoid implicit integers.
7      Use 0L or 0.0 to avoid implicit integers.
8      Use 2L or 2.0 to avoid implicit integers.
9    Use 50L or 50.0 to avoid implicit integers.
10     Use 0L or 0.0 to avoid implicit integers.
11 Use 100L or 100.0 to avoid implicit integers.
12     Use 1L or 1.0 to avoid implicit integers.
13     Use 2L or 2.0 to avoid implicit integers.
14     Use 2L or 2.0 to avoid implicit integers.
15     Use 1L or 1.0 to avoid implicit integers.
16     Use 1L or 1.0 to avoid implicit integers.
17     Use 5L or 5.0 to avoid implicit integers.
18     Use 2L or 2.0 to avoid implicit integers.
19     Use 2L or 2.0 to avoid implicit integers.
20     Use 2L or 2.0 to avoid implicit integers.
21     Use 2L or 2.0 to avoid implicit integers.
22     Use 3L or 3.0 to avoid implicit integers.
23     Use 5L or 5.0 to avoid implicit integers.
24     Use 5L or 5.0 to avoid implicit integers.
25     Use 2L or 2.0 to avoid implicit integers.
26   Use 10L or 10.0 to avoid implicit integers.
27     Use 3L or 3.0 to avoid implicit integers.
28     Use 3L or 3.0 to avoid implicit integers.
29     Use 3L or 3.0 to avoid implicit integers.
30     Use 3L or 3.0 to avoid implicit integers.
31     Use 3L or 3.0 to avoid implicit integers.
32     Use 1L or 1.0 to avoid implicit integers.
33   Use 12L or 12.0 to avoid implicit integers.
34   Use 14L or 14.0 to avoid implicit integers.
35   Use 16L or 16.0 to avoid implicit integers.
36     Use 0L or 0.0 to avoid implicit integers.
37     Use 0L or 0.0 to avoid implicit integers.
38     Use 1L or 1.0 to avoid implicit integers.
39     Use 2L or 2.0 to avoid implicit integers.
40     Use 3L or 3.0 to avoid implicit integers.
41     Use 2L or 2.0 to avoid implicit integers.
42     Use 3L or 3.0 to avoid implicit integers.
43     Use 1L or 1.0 to avoid implicit integers.
44     Use 2L or 2.0 to avoid implicit integers.
45     Use 3L or 3.0 to avoid implicit integers.
46     Use 1L or 1.0 to avoid implicit integers.
47     Use 2L or 2.0 to avoid implicit integers.
48     Use 3L or 3.0 to avoid implicit integers.
49     Use 0L or 0.0 to avoid implicit integers.
50     Use 0L or 0.0 to avoid implicit integers.
51     Use 0L or 0.0 to avoid implicit integers.
52   Use 10L or 10.0 to avoid implicit integers.
53   Use 45L or 45.0 to avoid implicit integers.
54     Use 1L or 1.0 to avoid implicit integers.
55     Use 0L or 0.0 to avoid implicit integers.
56     Use 0L or 0.0 to avoid implicit integers.
                                                                         filename
1  /Users/serdarbalci/Documents/GitHub/ClinicoPathJamoviModule/R/jjarcdiagram.b.R
2  /Users/serdarbalci/Documents/GitHub/ClinicoPathJamoviModule/R/jjarcdiagram.b.R
3  /Users/serdarbalci/Documents/GitHub/ClinicoPathJamoviModule/R/jjarcdiagram.b.R
4  /Users/serdarbalci/Documents/GitHub/ClinicoPathJamoviModule/R/jjarcdiagram.b.R
5  /Users/serdarbalci/Documents/GitHub/ClinicoPathJamoviModule/R/jjarcdiagram.b.R
6  /Users/serdarbalci/Documents/GitHub/ClinicoPathJamoviModule/R/jjarcdiagram.b.R
7  /Users/serdarbalci/Documents/GitHub/ClinicoPathJamoviModule/R/jjarcdiagram.b.R
8  /Users/serdarbalci/Documents/GitHub/ClinicoPathJamoviModule/R/jjarcdiagram.b.R
9  /Users/serdarbalci/Documents/GitHub/ClinicoPathJamoviModule/R/jjarcdiagram.b.R
10 /Users/serdarbalci/Documents/GitHub/ClinicoPathJamoviModule/R/jjarcdiagram.b.R
11 /Users/serdarbalci/Documents/GitHub/ClinicoPathJamoviModule/R/jjarcdiagram.b.R
12 /Users/serdarbalci/Documents/GitHub/ClinicoPathJamoviModule/R/jjarcdiagram.b.R
13 /Users/serdarbalci/Documents/GitHub/ClinicoPathJamoviModule/R/jjarcdiagram.b.R
14 /Users/serdarbalci/Documents/GitHub/ClinicoPathJamoviModule/R/jjarcdiagram.b.R
15 /Users/serdarbalci/Documents/GitHub/ClinicoPathJamoviModule/R/jjarcdiagram.b.R
16 /Users/serdarbalci/Documents/GitHub/ClinicoPathJamoviModule/R/jjarcdiagram.b.R
17 /Users/serdarbalci/Documents/GitHub/ClinicoPathJamoviModule/R/jjarcdiagram.b.R
18 /Users/serdarbalci/Documents/GitHub/ClinicoPathJamoviModule/R/jjarcdiagram.b.R
19 /Users/serdarbalci/Documents/GitHub/ClinicoPathJamoviModule/R/jjarcdiagram.b.R
20 /Users/serdarbalci/Documents/GitHub/ClinicoPathJamoviModule/R/jjarcdiagram.b.R
21 /Users/serdarbalci/Documents/GitHub/ClinicoPathJamoviModule/R/jjarcdiagram.b.R
22 /Users/serdarbalci/Documents/GitHub/ClinicoPathJamoviModule/R/jjarcdiagram.b.R
23 /Users/serdarbalci/Documents/GitHub/ClinicoPathJamoviModule/R/jjarcdiagram.b.R
24 /Users/serdarbalci/Documents/GitHub/ClinicoPathJamoviModule/R/jjarcdiagram.b.R
25 /Users/serdarbalci/Documents/GitHub/ClinicoPathJamoviModule/R/jjarcdiagram.b.R
26 /Users/serdarbalci/Documents/GitHub/ClinicoPathJamoviModule/R/jjarcdiagram.b.R
27 /Users/serdarbalci/Documents/GitHub/ClinicoPathJamoviModule/R/jjarcdiagram.b.R
28 /Users/serdarbalci/Documents/GitHub/ClinicoPathJamoviModule/R/jjarcdiagram.b.R
29 /Users/serdarbalci/Documents/GitHub/ClinicoPathJamoviModule/R/jjarcdiagram.b.R
30 /Users/serdarbalci/Documents/GitHub/ClinicoPathJamoviModule/R/jjarcdiagram.b.R
31 /Users/serdarbalci/Documents/GitHub/ClinicoPathJamoviModule/R/jjarcdiagram.b.R
32 /Users/serdarbalci/Documents/GitHub/ClinicoPathJamoviModule/R/jjarcdiagram.b.R
33 /Users/serdarbalci/Documents/GitHub/ClinicoPathJamoviModule/R/jjarcdiagram.b.R
34 /Users/serdarbalci/Documents/GitHub/ClinicoPathJamoviModule/R/jjarcdiagram.b.R
35 /Users/serdarbalci/Documents/GitHub/ClinicoPathJamoviModule/R/jjarcdiagram.b.R
36 /Users/serdarbalci/Documents/GitHub/ClinicoPathJamoviModule/R/jjarcdiagram.b.R
37 /Users/serdarbalci/Documents/GitHub/ClinicoPathJamoviModule/R/jjarcdiagram.b.R
38 /Users/serdarbalci/Documents/GitHub/ClinicoPathJamoviModule/R/jjarcdiagram.b.R
39 /Users/serdarbalci/Documents/GitHub/ClinicoPathJamoviModule/R/jjarcdiagram.b.R
40 /Users/serdarbalci/Documents/GitHub/ClinicoPathJamoviModule/R/jjarcdiagram.b.R
41 /Users/serdarbalci/Documents/GitHub/ClinicoPathJamoviModule/R/jjarcdiagram.b.R
42 /Users/serdarbalci/Documents/GitHub/ClinicoPathJamoviModule/R/jjarcdiagram.b.R
43 /Users/serdarbalci/Documents/GitHub/ClinicoPathJamoviModule/R/jjarcdiagram.b.R
44 /Users/serdarbalci/Documents/GitHub/ClinicoPathJamoviModule/R/jjarcdiagram.b.R
45 /Users/serdarbalci/Documents/GitHub/ClinicoPathJamoviModule/R/jjarcdiagram.b.R
46 /Users/serdarbalci/Documents/GitHub/ClinicoPathJamoviModule/R/jjarcdiagram.b.R
47 /Users/serdarbalci/Documents/GitHub/ClinicoPathJamoviModule/R/jjarcdiagram.b.R
48 /Users/serdarbalci/Documents/GitHub/ClinicoPathJamoviModule/R/jjarcdiagram.b.R
49 /Users/serdarbalci/Documents/GitHub/ClinicoPathJamoviModule/R/jjarcdiagram.b.R
50 /Users/serdarbalci/Documents/GitHub/ClinicoPathJamoviModule/R/jjarcdiagram.b.R
51 /Users/serdarbalci/Documents/GitHub/ClinicoPathJamoviModule/R/jjarcdiagram.b.R
52 /Users/serdarbalci/Documents/GitHub/ClinicoPathJamoviModule/R/jjarcdiagram.b.R
53 /Users/serdarbalci/Documents/GitHub/ClinicoPathJamoviModule/R/jjarcdiagram.b.R
54 /Users/serdarbalci/Documents/GitHub/ClinicoPathJamoviModule/R/jjarcdiagram.b.R
55 /Users/serdarbalci/Documents/GitHub/ClinicoPathJamoviModule/R/jjarcdiagram.b.R
56 /Users/serdarbalci/Documents/GitHub/ClinicoPathJamoviModule/R/jjarcdiagram.b.R
57 /Users/serdarbalci/Documents/GitHub/ClinicoPathJamoviModule/R/jjarcdiagram.b.R
58 /Users/serdarbalci/Documents/GitHub/ClinicoPathJamoviModule/R/jjarcdiagram.b.R
59 /Users/serdarbalci/Documents/GitHub/ClinicoPathJamoviModule/R/jjarcdiagram.b.R
60 /Users/serdarbalci/Documents/GitHub/ClinicoPathJamoviModule/R/jjarcdiagram.b.R
61 /Users/serdarbalci/Documents/GitHub/ClinicoPathJamoviModule/R/jjarcdiagram.b.R
62 /Users/serdarbalci/Documents/GitHub/ClinicoPathJamoviModule/R/jjarcdiagram.b.R
63 /Users/serdarbalci/Documents/GitHub/ClinicoPathJamoviModule/R/jjarcdiagram.b.R
64 /Users/serdarbalci/Documents/GitHub/ClinicoPathJamoviModule/R/jjarcdiagram.b.R
65 /Users/serdarbalci/Documents/GitHub/ClinicoPathJamoviModule/R/jjarcdiagram.b.R
66 /Users/serdarbalci/Documents/GitHub/ClinicoPathJamoviModule/R/jjarcdiagram.b.R
67 /Users/serdarbalci/Documents/GitHub/ClinicoPathJamoviModule/R/jjarcdiagram.b.R
68 /Users/serdarbalci/Documents/GitHub/ClinicoPathJamoviModule/R/jjarcdiagram.b.R
69 /Users/serdarbalci/Documents/GitHub/ClinicoPathJamoviModule/R/jjarcdiagram.b.R
70 /Users/serdarbalci/Documents/GitHub/ClinicoPathJamoviModule/R/jjarcdiagram.b.R
71 /Users/serdarbalci/Documents/GitHub/ClinicoPathJamoviModule/R/jjarcdiagram.b.R
72 /Users/serdarbalci/Documents/GitHub/ClinicoPathJamoviModule/R/jjarcdiagram.b.R
73 /Users/serdarbalci/Documents/GitHub/ClinicoPathJamoviModule/R/jjarcdiagram.b.R
74 /Users/serdarbalci/Documents/GitHub/ClinicoPathJamoviModule/R/jjarcdiagram.b.R
75 /Users/serdarbalci/Documents/GitHub/ClinicoPathJamoviModule/R/jjarcdiagram.b.R
76 /Users/serdarbalci/Documents/GitHub/ClinicoPathJamoviModule/R/jjarcdiagram.b.R
77 /Users/serdarbalci/Documents/GitHub/ClinicoPathJamoviModule/R/jjarcdiagram.b.R
78 /Users/serdarbalci/Documents/GitHub/ClinicoPathJamoviModule/R/jjarcdiagram.b.R
79 /Users/serdarbalci/Documents/GitHub/ClinicoPathJamoviModule/R/jjarcdiagram.b.R
80 /Users/serdarbalci/Documents/GitHub/ClinicoPathJamoviModule/R/jjarcdiagram.b.R
81 /Users/serdarbalci/Documents/GitHub/ClinicoPathJamoviModule/R/jjarcdiagram.b.R
   line_number                  linter
1           42 implicit_integer_linter
2           47 implicit_integer_linter
3           56 implicit_integer_linter
4           72 implicit_integer_linter
5           72 implicit_integer_linter
6           73 implicit_integer_linter
7           73 implicit_integer_linter
8           95 implicit_integer_linter
9           95 implicit_integer_linter
10         117 implicit_integer_linter
11         183 implicit_integer_linter
12         183 implicit_integer_linter
13         187 implicit_integer_linter
14         223 implicit_integer_linter
15         318 implicit_integer_linter
16         318 implicit_integer_linter
17         366 implicit_integer_linter
18         396 implicit_integer_linter
19         406 implicit_integer_linter
20         409 implicit_integer_linter
21         436 implicit_integer_linter
22         443 implicit_integer_linter
23         446 implicit_integer_linter
24         461 implicit_integer_linter
25         472 implicit_integer_linter
26         478 implicit_integer_linter
27         486 implicit_integer_linter
28         492 implicit_integer_linter
29         493 implicit_integer_linter
30         506 implicit_integer_linter
31         530 implicit_integer_linter
32         535 implicit_integer_linter
33         544 implicit_integer_linter
34         546 implicit_integer_linter
35         548 implicit_integer_linter
36         552 implicit_integer_linter
37         556 implicit_integer_linter
38         579 implicit_integer_linter
39         584 implicit_integer_linter
40         588 implicit_integer_linter
41         589 implicit_integer_linter
42         590 implicit_integer_linter
43         591 implicit_integer_linter
44         597 implicit_integer_linter
45         629 implicit_integer_linter
46         632 implicit_integer_linter
47         639 implicit_integer_linter
48         642 implicit_integer_linter
49         672 implicit_integer_linter
50         695 implicit_integer_linter
51         695 implicit_integer_linter
52         695 implicit_integer_linter
53         695 implicit_integer_linter
54         723 implicit_integer_linter
55         775 implicit_integer_linter
56         775 implicit_integer_linter
57         787 implicit_integer_linter
58         792 implicit_integer_linter
59         811 implicit_integer_linter
60         814 implicit_integer_linter
61         817 implicit_integer_linter
62         834 implicit_integer_linter
63         835 implicit_integer_linter
64         856 implicit_integer_linter
65         857 implicit_integer_linter
66         858 implicit_integer_linter
67         859 implicit_integer_linter
68         859 implicit_integer_linter
69         859 implicit_integer_linter
70         881 implicit_integer_linter
71         881 implicit_integer_linter
72         918 implicit_integer_linter
73         944 implicit_integer_linter
74         979 implicit_integer_linter
75         998 implicit_integer_linter
76         999 implicit_integer_linter
77        1016 implicit_integer_linter
78        1016 implicit_integer_linter
79        1037 implicit_integer_linter
80        1038 implicit_integer_linter
81        1150 implicit_integer_linter
                                             message
1          Use 1L or 1.0 to avoid implicit integers.
2          Use 0L or 0.0 to avoid implicit integers.
3          Use 1L or 1.0 to avoid implicit integers.
4      Use 800L or 800.0 to avoid implicit integers.
5      Use 600L or 600.0 to avoid implicit integers.
6      Use 600L or 600.0 to avoid implicit integers.
7      Use 800L or 800.0 to avoid implicit integers.
8          Use 0L or 0.0 to avoid implicit integers.
9          Use 0L or 0.0 to avoid implicit integers.
10         Use 0L or 0.0 to avoid implicit integers.
11         Use 0L or 0.0 to avoid implicit integers.
12         Use 0L or 0.0 to avoid implicit integers.
13         Use 0L or 0.0 to avoid implicit integers.
14         Use 0L or 0.0 to avoid implicit integers.
15         Use 0L or 0.0 to avoid implicit integers.
16         Use 0L or 0.0 to avoid implicit integers.
17         Use 0L or 0.0 to avoid implicit integers.
18         Use 0L or 0.0 to avoid implicit integers.
19         Use 0L or 0.0 to avoid implicit integers.
20     Use 100L or 100.0 to avoid implicit integers.
21         Use 0L or 0.0 to avoid implicit integers.
22         Use 1L or 1.0 to avoid implicit integers.
23         Use 0L or 0.0 to avoid implicit integers.
24         Use 0L or 0.0 to avoid implicit integers.
25         Use 1L or 1.0 to avoid implicit integers.
26         Use 0L or 0.0 to avoid implicit integers.
27         Use 1L or 1.0 to avoid implicit integers.
28         Use 1L or 1.0 to avoid implicit integers.
29         Use 2L or 2.0 to avoid implicit integers.
30         Use 0L or 0.0 to avoid implicit integers.
31         Use 0L or 0.0 to avoid implicit integers.
32         Use 0L or 0.0 to avoid implicit integers.
33         Use 3L or 3.0 to avoid implicit integers.
34         Use 5L or 5.0 to avoid implicit integers.
35       Use 10L or 10.0 to avoid implicit integers.
36 Use 10000L or 10000.0 to avoid implicit integers.
37 Use 50000L or 50000.0 to avoid implicit integers.
38         Use 0L or 0.0 to avoid implicit integers.
39         Use 1L or 1.0 to avoid implicit integers.
40         Use 1L or 1.0 to avoid implicit integers.
41         Use 1L or 1.0 to avoid implicit integers.
42         Use 1L or 1.0 to avoid implicit integers.
43         Use 1L or 1.0 to avoid implicit integers.
44         Use 0L or 0.0 to avoid implicit integers.
45         Use 0L or 0.0 to avoid implicit integers.
46         Use 0L or 0.0 to avoid implicit integers.
47         Use 0L or 0.0 to avoid implicit integers.
48         Use 0L or 0.0 to avoid implicit integers.
49       Use 20L or 20.0 to avoid implicit integers.
50         Use 2L or 2.0 to avoid implicit integers.
51         Use 2L or 2.0 to avoid implicit integers.
52         Use 3L or 3.0 to avoid implicit integers.
53         Use 2L or 2.0 to avoid implicit integers.
54       Use 21L or 21.0 to avoid implicit integers.
55         Use 1L or 1.0 to avoid implicit integers.
56         Use 2L or 2.0 to avoid implicit integers.
57         Use 1L or 1.0 to avoid implicit integers.
58         Use 2L or 2.0 to avoid implicit integers.
59         Use 8L or 8.0 to avoid implicit integers.
60       Use 12L or 12.0 to avoid implicit integers.
61       Use 24L or 24.0 to avoid implicit integers.
62         Use 1L or 1.0 to avoid implicit integers.
63         Use 2L or 2.0 to avoid implicit integers.
64     Use 255L or 255.0 to avoid implicit integers.
65     Use 255L or 255.0 to avoid implicit integers.
66         Use 2L or 2.0 to avoid implicit integers.
67         Use 1L or 1.0 to avoid implicit integers.
68         Use 2L or 2.0 to avoid implicit integers.
69         Use 3L or 3.0 to avoid implicit integers.
70         Use 0L or 0.0 to avoid implicit integers.
71         Use 0L or 0.0 to avoid implicit integers.
72         Use 4L or 4.0 to avoid implicit integers.
73         Use 1L or 1.0 to avoid implicit integers.
74         Use 1L or 1.0 to avoid implicit integers.
75         Use 0L or 0.0 to avoid implicit integers.
76         Use 0L or 0.0 to avoid implicit integers.
77         Use 0L or 0.0 to avoid implicit integers.
78         Use 0L or 0.0 to avoid implicit integers.
79         Use 2L or 2.0 to avoid implicit integers.
80         Use 2L or 2.0 to avoid implicit integers.
81         Use 1L or 1.0 to avoid implicit integers.
                                                                      filename
1  /Users/serdarbalci/Documents/GitHub/ClinicoPathJamoviModule/R/linechart.b.R
2  /Users/serdarbalci/Documents/GitHub/ClinicoPathJamoviModule/R/linechart.b.R
3  /Users/serdarbalci/Documents/GitHub/ClinicoPathJamoviModule/R/linechart.b.R
4  /Users/serdarbalci/Documents/GitHub/ClinicoPathJamoviModule/R/linechart.b.R
5  /Users/serdarbalci/Documents/GitHub/ClinicoPathJamoviModule/R/linechart.b.R
6  /Users/serdarbalci/Documents/GitHub/ClinicoPathJamoviModule/R/linechart.b.R
7  /Users/serdarbalci/Documents/GitHub/ClinicoPathJamoviModule/R/linechart.b.R
8  /Users/serdarbalci/Documents/GitHub/ClinicoPathJamoviModule/R/linechart.b.R
9  /Users/serdarbalci/Documents/GitHub/ClinicoPathJamoviModule/R/linechart.b.R
10 /Users/serdarbalci/Documents/GitHub/ClinicoPathJamoviModule/R/linechart.b.R
11 /Users/serdarbalci/Documents/GitHub/ClinicoPathJamoviModule/R/linechart.b.R
12 /Users/serdarbalci/Documents/GitHub/ClinicoPathJamoviModule/R/linechart.b.R
13 /Users/serdarbalci/Documents/GitHub/ClinicoPathJamoviModule/R/linechart.b.R
14 /Users/serdarbalci/Documents/GitHub/ClinicoPathJamoviModule/R/linechart.b.R
15 /Users/serdarbalci/Documents/GitHub/ClinicoPathJamoviModule/R/linechart.b.R
16 /Users/serdarbalci/Documents/GitHub/ClinicoPathJamoviModule/R/linechart.b.R
17 /Users/serdarbalci/Documents/GitHub/ClinicoPathJamoviModule/R/linechart.b.R
18 /Users/serdarbalci/Documents/GitHub/ClinicoPathJamoviModule/R/linechart.b.R
19 /Users/serdarbalci/Documents/GitHub/ClinicoPathJamoviModule/R/linechart.b.R
20 /Users/serdarbalci/Documents/GitHub/ClinicoPathJamoviModule/R/linechart.b.R
21 /Users/serdarbalci/Documents/GitHub/ClinicoPathJamoviModule/R/linechart.b.R
22 /Users/serdarbalci/Documents/GitHub/ClinicoPathJamoviModule/R/linechart.b.R
23 /Users/serdarbalci/Documents/GitHub/ClinicoPathJamoviModule/R/linechart.b.R
24 /Users/serdarbalci/Documents/GitHub/ClinicoPathJamoviModule/R/linechart.b.R
25 /Users/serdarbalci/Documents/GitHub/ClinicoPathJamoviModule/R/linechart.b.R
26 /Users/serdarbalci/Documents/GitHub/ClinicoPathJamoviModule/R/linechart.b.R
27 /Users/serdarbalci/Documents/GitHub/ClinicoPathJamoviModule/R/linechart.b.R
28 /Users/serdarbalci/Documents/GitHub/ClinicoPathJamoviModule/R/linechart.b.R
29 /Users/serdarbalci/Documents/GitHub/ClinicoPathJamoviModule/R/linechart.b.R
30 /Users/serdarbalci/Documents/GitHub/ClinicoPathJamoviModule/R/linechart.b.R
31 /Users/serdarbalci/Documents/GitHub/ClinicoPathJamoviModule/R/linechart.b.R
32 /Users/serdarbalci/Documents/GitHub/ClinicoPathJamoviModule/R/linechart.b.R
33 /Users/serdarbalci/Documents/GitHub/ClinicoPathJamoviModule/R/linechart.b.R
34 /Users/serdarbalci/Documents/GitHub/ClinicoPathJamoviModule/R/linechart.b.R
35 /Users/serdarbalci/Documents/GitHub/ClinicoPathJamoviModule/R/linechart.b.R
36 /Users/serdarbalci/Documents/GitHub/ClinicoPathJamoviModule/R/linechart.b.R
37 /Users/serdarbalci/Documents/GitHub/ClinicoPathJamoviModule/R/linechart.b.R
38 /Users/serdarbalci/Documents/GitHub/ClinicoPathJamoviModule/R/linechart.b.R
39 /Users/serdarbalci/Documents/GitHub/ClinicoPathJamoviModule/R/linechart.b.R
40 /Users/serdarbalci/Documents/GitHub/ClinicoPathJamoviModule/R/linechart.b.R
41 /Users/serdarbalci/Documents/GitHub/ClinicoPathJamoviModule/R/linechart.b.R
42 /Users/serdarbalci/Documents/GitHub/ClinicoPathJamoviModule/R/linechart.b.R
43 /Users/serdarbalci/Documents/GitHub/ClinicoPathJamoviModule/R/linechart.b.R
44 /Users/serdarbalci/Documents/GitHub/ClinicoPathJamoviModule/R/linechart.b.R
45 /Users/serdarbalci/Documents/GitHub/ClinicoPathJamoviModule/R/linechart.b.R
46 /Users/serdarbalci/Documents/GitHub/ClinicoPathJamoviModule/R/linechart.b.R
47 /Users/serdarbalci/Documents/GitHub/ClinicoPathJamoviModule/R/linechart.b.R
48 /Users/serdarbalci/Documents/GitHub/ClinicoPathJamoviModule/R/linechart.b.R
49 /Users/serdarbalci/Documents/GitHub/ClinicoPathJamoviModule/R/linechart.b.R
50 /Users/serdarbalci/Documents/GitHub/ClinicoPathJamoviModule/R/linechart.b.R
51 /Users/serdarbalci/Documents/GitHub/ClinicoPathJamoviModule/R/linechart.b.R
52 /Users/serdarbalci/Documents/GitHub/ClinicoPathJamoviModule/R/linechart.b.R
53 /Users/serdarbalci/Documents/GitHub/ClinicoPathJamoviModule/R/linechart.b.R
54 /Users/serdarbalci/Documents/GitHub/ClinicoPathJamoviModule/R/linechart.b.R
55 /Users/serdarbalci/Documents/GitHub/ClinicoPathJamoviModule/R/linechart.b.R
56 /Users/serdarbalci/Documents/GitHub/ClinicoPathJamoviModule/R/linechart.b.R
57 /Users/serdarbalci/Documents/GitHub/ClinicoPathJamoviModule/R/linechart.b.R
58 /Users/serdarbalci/Documents/GitHub/ClinicoPathJamoviModule/R/linechart.b.R
59 /Users/serdarbalci/Documents/GitHub/ClinicoPathJamoviModule/R/linechart.b.R
60 /Users/serdarbalci/Documents/GitHub/ClinicoPathJamoviModule/R/linechart.b.R
61 /Users/serdarbalci/Documents/GitHub/ClinicoPathJamoviModule/R/linechart.b.R
62 /Users/serdarbalci/Documents/GitHub/ClinicoPathJamoviModule/R/linechart.b.R
63 /Users/serdarbalci/Documents/GitHub/ClinicoPathJamoviModule/R/linechart.b.R
64 /Users/serdarbalci/Documents/GitHub/ClinicoPathJamoviModule/R/linechart.b.R
65 /Users/serdarbalci/Documents/GitHub/ClinicoPathJamoviModule/R/linechart.b.R
66 /Users/serdarbalci/Documents/GitHub/ClinicoPathJamoviModule/R/linechart.b.R
67 /Users/serdarbalci/Documents/GitHub/ClinicoPathJamoviModule/R/linechart.b.R
68 /Users/serdarbalci/Documents/GitHub/ClinicoPathJamoviModule/R/linechart.b.R
69 /Users/serdarbalci/Documents/GitHub/ClinicoPathJamoviModule/R/linechart.b.R
70 /Users/serdarbalci/Documents/GitHub/ClinicoPathJamoviModule/R/linechart.b.R
71 /Users/serdarbalci/Documents/GitHub/ClinicoPathJamoviModule/R/linechart.b.R
72 /Users/serdarbalci/Documents/GitHub/ClinicoPathJamoviModule/R/linechart.b.R
73 /Users/serdarbalci/Documents/GitHub/ClinicoPathJamoviModule/R/linechart.b.R
74 /Users/serdarbalci/Documents/GitHub/ClinicoPathJamoviModule/R/linechart.b.R
75 /Users/serdarbalci/Documents/GitHub/ClinicoPathJamoviModule/R/linechart.b.R
76 /Users/serdarbalci/Documents/GitHub/ClinicoPathJamoviModule/R/linechart.b.R
77 /Users/serdarbalci/Documents/GitHub/ClinicoPathJamoviModule/R/linechart.b.R
78 /Users/serdarbalci/Documents/GitHub/ClinicoPathJamoviModule/R/linechart.b.R
79 /Users/serdarbalci/Documents/GitHub/ClinicoPathJamoviModule/R/linechart.b.R
80 /Users/serdarbalci/Documents/GitHub/ClinicoPathJamoviModule/R/linechart.b.R
81 /Users/serdarbalci/Documents/GitHub/ClinicoPathJamoviModule/R/linechart.b.R
82 /Users/serdarbalci/Documents/GitHub/ClinicoPathJamoviModule/R/linechart.b.R
83 /Users/serdarbalci/Documents/GitHub/ClinicoPathJamoviModule/R/linechart.b.R
84 /Users/serdarbalci/Documents/GitHub/ClinicoPathJamoviModule/R/linechart.b.R
   line_number                  linter
1           70 implicit_integer_linter
2           71 implicit_integer_linter
3          144 implicit_integer_linter
4          227 implicit_integer_linter
5          293 implicit_integer_linter
6          294 implicit_integer_linter
7          294 implicit_integer_linter
8          297 implicit_integer_linter
9          302 implicit_integer_linter
10         314 implicit_integer_linter
11         321 implicit_integer_linter
12         368 implicit_integer_linter
13         417 implicit_integer_linter
14         423 implicit_integer_linter
15         424 implicit_integer_linter
16         444 implicit_integer_linter
17         445 implicit_integer_linter
18         447 implicit_integer_linter
19         447 implicit_integer_linter
20         480 implicit_integer_linter
21         484 implicit_integer_linter
22         485 implicit_integer_linter
23         529 implicit_integer_linter
24         548 implicit_integer_linter
25         555 implicit_integer_linter
26         555 implicit_integer_linter
27         558 implicit_integer_linter
28         564 implicit_integer_linter
29         579 implicit_integer_linter
30         587 implicit_integer_linter
31         596 implicit_integer_linter
32         619 implicit_integer_linter
33         648 implicit_integer_linter
34         653 implicit_integer_linter
35         654 implicit_integer_linter
36         660 implicit_integer_linter
37         661 implicit_integer_linter
38         661 implicit_integer_linter
39         665 implicit_integer_linter
40         666 implicit_integer_linter
41         666 implicit_integer_linter
42         670 implicit_integer_linter
43         671 implicit_integer_linter
44         671 implicit_integer_linter
45         743 implicit_integer_linter
46         747 implicit_integer_linter
47         769 implicit_integer_linter
48         791 implicit_integer_linter
49         832 implicit_integer_linter
50         854 implicit_integer_linter
51         933 implicit_integer_linter
52         934 implicit_integer_linter
53         935 implicit_integer_linter
54         936 implicit_integer_linter
55         937 implicit_integer_linter
56         938 implicit_integer_linter
57        1000 implicit_integer_linter
58        1023 implicit_integer_linter
59        1023 implicit_integer_linter
60        1028 implicit_integer_linter
61        1028 implicit_integer_linter
62        1095 implicit_integer_linter
63        1100 implicit_integer_linter
64        1109 implicit_integer_linter
65        1112 implicit_integer_linter
66        1129 implicit_integer_linter
67        1133 implicit_integer_linter
68        1140 implicit_integer_linter
69        1146 implicit_integer_linter
70        1154 implicit_integer_linter
71        1154 implicit_integer_linter
72        1160 implicit_integer_linter
73        1172 implicit_integer_linter
74        1198 implicit_integer_linter
75        1223 implicit_integer_linter
76        1225 implicit_integer_linter
77        1235 implicit_integer_linter
78        1344 implicit_integer_linter
79        1408 implicit_integer_linter
80        1414 implicit_integer_linter
81        1422 implicit_integer_linter
82        1437 implicit_integer_linter
83        1443 implicit_integer_linter
84        1449 implicit_integer_linter
                                           message
1        Use 3L or 3.0 to avoid implicit integers.
2        Use 1L or 1.0 to avoid implicit integers.
3        Use 0L or 0.0 to avoid implicit integers.
4        Use 0L or 0.0 to avoid implicit integers.
5        Use 1L or 1.0 to avoid implicit integers.
6        Use 0L or 0.0 to avoid implicit integers.
7        Use 0L or 0.0 to avoid implicit integers.
8        Use 0L or 0.0 to avoid implicit integers.
9        Use 0L or 0.0 to avoid implicit integers.
10       Use 3L or 3.0 to avoid implicit integers.
11       Use 0L or 0.0 to avoid implicit integers.
12       Use 1L or 1.0 to avoid implicit integers.
13       Use 2L or 2.0 to avoid implicit integers.
14       Use 1L or 1.0 to avoid implicit integers.
15       Use 2L or 2.0 to avoid implicit integers.
16       Use 2L or 2.0 to avoid implicit integers.
17       Use 1L or 1.0 to avoid implicit integers.
18       Use 2L or 2.0 to avoid implicit integers.
19       Use 4L or 4.0 to avoid implicit integers.
20       Use 2L or 2.0 to avoid implicit integers.
21       Use 1L or 1.0 to avoid implicit integers.
22       Use 1L or 1.0 to avoid implicit integers.
23       Use 1L or 1.0 to avoid implicit integers.
24       Use 1L or 1.0 to avoid implicit integers.
25   Use 100L or 100.0 to avoid implicit integers.
26       Use 1L or 1.0 to avoid implicit integers.
27       Use 1L or 1.0 to avoid implicit integers.
28       Use 0L or 0.0 to avoid implicit integers.
29       Use 1L or 1.0 to avoid implicit integers.
30       Use 1L or 1.0 to avoid implicit integers.
31       Use 1L or 1.0 to avoid implicit integers.
32       Use 1L or 1.0 to avoid implicit integers.
33       Use 3L or 3.0 to avoid implicit integers.
34       Use 0L or 0.0 to avoid implicit integers.
35       Use 0L or 0.0 to avoid implicit integers.
36       Use 3L or 3.0 to avoid implicit integers.
37   Use 100L or 100.0 to avoid implicit integers.
38       Use 1L or 1.0 to avoid implicit integers.
39       Use 3L or 3.0 to avoid implicit integers.
40   Use 100L or 100.0 to avoid implicit integers.
41       Use 1L or 1.0 to avoid implicit integers.
42       Use 3L or 3.0 to avoid implicit integers.
43   Use 100L or 100.0 to avoid implicit integers.
44       Use 1L or 1.0 to avoid implicit integers.
45       Use 0L or 0.0 to avoid implicit integers.
46       Use 0L or 0.0 to avoid implicit integers.
47       Use 1L or 1.0 to avoid implicit integers.
48       Use 1L or 1.0 to avoid implicit integers.
49       Use 2L or 2.0 to avoid implicit integers.
50       Use 3L or 3.0 to avoid implicit integers.
51     Use 12L or 12.0 to avoid implicit integers.
52     Use 14L or 14.0 to avoid implicit integers.
53     Use 11L or 11.0 to avoid implicit integers.
54     Use 16L or 16.0 to avoid implicit integers.
55     Use 11L or 11.0 to avoid implicit integers.
56     Use 12L or 12.0 to avoid implicit integers.
57       Use 0L or 0.0 to avoid implicit integers.
58   Use 300L or 300.0 to avoid implicit integers.
59 Use 1200L or 1200.0 to avoid implicit integers.
60   Use 300L or 300.0 to avoid implicit integers.
61 Use 1000L or 1000.0 to avoid implicit integers.
62       Use 0L or 0.0 to avoid implicit integers.
63       Use 0L or 0.0 to avoid implicit integers.
64       Use 2L or 2.0 to avoid implicit integers.
65       Use 1L or 1.0 to avoid implicit integers.
66       Use 5L or 5.0 to avoid implicit integers.
67     Use 10L or 10.0 to avoid implicit integers.
68       Use 8L or 8.0 to avoid implicit integers.
69       Use 3L or 3.0 to avoid implicit integers.
70       Use 6L or 6.0 to avoid implicit integers.
71       Use 1L or 1.0 to avoid implicit integers.
72       Use 0L or 0.0 to avoid implicit integers.
73       Use 0L or 0.0 to avoid implicit integers.
74       Use 1L or 1.0 to avoid implicit integers.
75       Use 3L or 3.0 to avoid implicit integers.
76       Use 0L or 0.0 to avoid implicit integers.
77       Use 3L or 3.0 to avoid implicit integers.
78       Use 1L or 1.0 to avoid implicit integers.
79       Use 0L or 0.0 to avoid implicit integers.
80       Use 0L or 0.0 to avoid implicit integers.
81       Use 1L or 1.0 to avoid implicit integers.
82       Use 0L or 0.0 to avoid implicit integers.
83       Use 0L or 0.0 to avoid implicit integers.
84       Use 0L or 0.0 to avoid implicit integers.
                                                                       filename
1  /Users/serdarbalci/Documents/GitHub/ClinicoPathJamoviModule/R/statsplot2.b.R
2  /Users/serdarbalci/Documents/GitHub/ClinicoPathJamoviModule/R/statsplot2.b.R
3  /Users/serdarbalci/Documents/GitHub/ClinicoPathJamoviModule/R/statsplot2.b.R
4  /Users/serdarbalci/Documents/GitHub/ClinicoPathJamoviModule/R/statsplot2.b.R
5  /Users/serdarbalci/Documents/GitHub/ClinicoPathJamoviModule/R/statsplot2.b.R
6  /Users/serdarbalci/Documents/GitHub/ClinicoPathJamoviModule/R/statsplot2.b.R
7  /Users/serdarbalci/Documents/GitHub/ClinicoPathJamoviModule/R/statsplot2.b.R
8  /Users/serdarbalci/Documents/GitHub/ClinicoPathJamoviModule/R/statsplot2.b.R
9  /Users/serdarbalci/Documents/GitHub/ClinicoPathJamoviModule/R/statsplot2.b.R
10 /Users/serdarbalci/Documents/GitHub/ClinicoPathJamoviModule/R/statsplot2.b.R
11 /Users/serdarbalci/Documents/GitHub/ClinicoPathJamoviModule/R/statsplot2.b.R
12 /Users/serdarbalci/Documents/GitHub/ClinicoPathJamoviModule/R/statsplot2.b.R
13 /Users/serdarbalci/Documents/GitHub/ClinicoPathJamoviModule/R/statsplot2.b.R
14 /Users/serdarbalci/Documents/GitHub/ClinicoPathJamoviModule/R/statsplot2.b.R
15 /Users/serdarbalci/Documents/GitHub/ClinicoPathJamoviModule/R/statsplot2.b.R
16 /Users/serdarbalci/Documents/GitHub/ClinicoPathJamoviModule/R/statsplot2.b.R
17 /Users/serdarbalci/Documents/GitHub/ClinicoPathJamoviModule/R/statsplot2.b.R
18 /Users/serdarbalci/Documents/GitHub/ClinicoPathJamoviModule/R/statsplot2.b.R
19 /Users/serdarbalci/Documents/GitHub/ClinicoPathJamoviModule/R/statsplot2.b.R
20 /Users/serdarbalci/Documents/GitHub/ClinicoPathJamoviModule/R/statsplot2.b.R
21 /Users/serdarbalci/Documents/GitHub/ClinicoPathJamoviModule/R/statsplot2.b.R
22 /Users/serdarbalci/Documents/GitHub/ClinicoPathJamoviModule/R/statsplot2.b.R
23 /Users/serdarbalci/Documents/GitHub/ClinicoPathJamoviModule/R/statsplot2.b.R
24 /Users/serdarbalci/Documents/GitHub/ClinicoPathJamoviModule/R/statsplot2.b.R
25 /Users/serdarbalci/Documents/GitHub/ClinicoPathJamoviModule/R/statsplot2.b.R
26 /Users/serdarbalci/Documents/GitHub/ClinicoPathJamoviModule/R/statsplot2.b.R
27 /Users/serdarbalci/Documents/GitHub/ClinicoPathJamoviModule/R/statsplot2.b.R
28 /Users/serdarbalci/Documents/GitHub/ClinicoPathJamoviModule/R/statsplot2.b.R
29 /Users/serdarbalci/Documents/GitHub/ClinicoPathJamoviModule/R/statsplot2.b.R
30 /Users/serdarbalci/Documents/GitHub/ClinicoPathJamoviModule/R/statsplot2.b.R
31 /Users/serdarbalci/Documents/GitHub/ClinicoPathJamoviModule/R/statsplot2.b.R
32 /Users/serdarbalci/Documents/GitHub/ClinicoPathJamoviModule/R/statsplot2.b.R
33 /Users/serdarbalci/Documents/GitHub/ClinicoPathJamoviModule/R/statsplot2.b.R
34 /Users/serdarbalci/Documents/GitHub/ClinicoPathJamoviModule/R/statsplot2.b.R
35 /Users/serdarbalci/Documents/GitHub/ClinicoPathJamoviModule/R/statsplot2.b.R
36 /Users/serdarbalci/Documents/GitHub/ClinicoPathJamoviModule/R/statsplot2.b.R
37 /Users/serdarbalci/Documents/GitHub/ClinicoPathJamoviModule/R/statsplot2.b.R
38 /Users/serdarbalci/Documents/GitHub/ClinicoPathJamoviModule/R/statsplot2.b.R
39 /Users/serdarbalci/Documents/GitHub/ClinicoPathJamoviModule/R/statsplot2.b.R
40 /Users/serdarbalci/Documents/GitHub/ClinicoPathJamoviModule/R/statsplot2.b.R
41 /Users/serdarbalci/Documents/GitHub/ClinicoPathJamoviModule/R/statsplot2.b.R
42 /Users/serdarbalci/Documents/GitHub/ClinicoPathJamoviModule/R/statsplot2.b.R
43 /Users/serdarbalci/Documents/GitHub/ClinicoPathJamoviModule/R/statsplot2.b.R
44 /Users/serdarbalci/Documents/GitHub/ClinicoPathJamoviModule/R/statsplot2.b.R
45 /Users/serdarbalci/Documents/GitHub/ClinicoPathJamoviModule/R/statsplot2.b.R
46 /Users/serdarbalci/Documents/GitHub/ClinicoPathJamoviModule/R/statsplot2.b.R
47 /Users/serdarbalci/Documents/GitHub/ClinicoPathJamoviModule/R/statsplot2.b.R
48 /Users/serdarbalci/Documents/GitHub/ClinicoPathJamoviModule/R/statsplot2.b.R
49 /Users/serdarbalci/Documents/GitHub/ClinicoPathJamoviModule/R/statsplot2.b.R
50 /Users/serdarbalci/Documents/GitHub/ClinicoPathJamoviModule/R/statsplot2.b.R
51 /Users/serdarbalci/Documents/GitHub/ClinicoPathJamoviModule/R/statsplot2.b.R
52 /Users/serdarbalci/Documents/GitHub/ClinicoPathJamoviModule/R/statsplot2.b.R
53 /Users/serdarbalci/Documents/GitHub/ClinicoPathJamoviModule/R/statsplot2.b.R
54 /Users/serdarbalci/Documents/GitHub/ClinicoPathJamoviModule/R/statsplot2.b.R
55 /Users/serdarbalci/Documents/GitHub/ClinicoPathJamoviModule/R/statsplot2.b.R
56 /Users/serdarbalci/Documents/GitHub/ClinicoPathJamoviModule/R/statsplot2.b.R
57 /Users/serdarbalci/Documents/GitHub/ClinicoPathJamoviModule/R/statsplot2.b.R
58 /Users/serdarbalci/Documents/GitHub/ClinicoPathJamoviModule/R/statsplot2.b.R
59 /Users/serdarbalci/Documents/GitHub/ClinicoPathJamoviModule/R/statsplot2.b.R
60 /Users/serdarbalci/Documents/GitHub/ClinicoPathJamoviModule/R/statsplot2.b.R
61 /Users/serdarbalci/Documents/GitHub/ClinicoPathJamoviModule/R/statsplot2.b.R
62 /Users/serdarbalci/Documents/GitHub/ClinicoPathJamoviModule/R/statsplot2.b.R
63 /Users/serdarbalci/Documents/GitHub/ClinicoPathJamoviModule/R/statsplot2.b.R
64 /Users/serdarbalci/Documents/GitHub/ClinicoPathJamoviModule/R/statsplot2.b.R
65 /Users/serdarbalci/Documents/GitHub/ClinicoPathJamoviModule/R/statsplot2.b.R
   line_number                  linter
1           18 implicit_integer_linter
2           18 implicit_integer_linter
3           19 implicit_integer_linter
4           19 implicit_integer_linter
5           19 implicit_integer_linter
6           19 implicit_integer_linter
7           20 implicit_integer_linter
8           20 implicit_integer_linter
9           20 implicit_integer_linter
10          49 implicit_integer_linter
11          59 implicit_integer_linter
12          73 implicit_integer_linter
13          80 implicit_integer_linter
14         116 implicit_integer_linter
15         123 implicit_integer_linter
16         126 implicit_integer_linter
17         140 implicit_integer_linter
18         162 implicit_integer_linter
19         162 implicit_integer_linter
20         164 implicit_integer_linter
21         188 implicit_integer_linter
22         204 implicit_integer_linter
23         214 implicit_integer_linter
24         227 implicit_integer_linter
25         239 implicit_integer_linter
26         277 implicit_integer_linter
27         277 implicit_integer_linter
28         285 implicit_integer_linter
29         285 implicit_integer_linter
30         289 implicit_integer_linter
31         578 implicit_integer_linter
32         590 implicit_integer_linter
33         595 implicit_integer_linter
34         606 implicit_integer_linter
35         621 implicit_integer_linter
36         632 implicit_integer_linter
37         690 implicit_integer_linter
38         700 implicit_integer_linter
39         727 implicit_integer_linter
40         744 implicit_integer_linter
41         763 implicit_integer_linter
42         784 implicit_integer_linter
43         838 implicit_integer_linter
44         855 implicit_integer_linter
45         855 implicit_integer_linter
46         897 implicit_integer_linter
47         960 implicit_integer_linter
48        1004 implicit_integer_linter
49        1005 implicit_integer_linter
50        1036 implicit_integer_linter
51        1041 implicit_integer_linter
52        1049 implicit_integer_linter
53        1049 implicit_integer_linter
54        1061 implicit_integer_linter
55        1063 implicit_integer_linter
56        1068 implicit_integer_linter
57        1334 implicit_integer_linter
58        1391 implicit_integer_linter
59        1439 implicit_integer_linter
60        1442 implicit_integer_linter
61        1445 implicit_integer_linter
62        1448 implicit_integer_linter
63        1471 implicit_integer_linter
64        1496 implicit_integer_linter
65        1521 implicit_integer_linter
                                           message
1    Use 800L or 800.0 to avoid implicit integers.
2    Use 600L or 600.0 to avoid implicit integers.
3    Use 400L or 400.0 to avoid implicit integers.
4    Use 300L or 300.0 to avoid implicit integers.
5  Use 1600L or 1600.0 to avoid implicit integers.
6  Use 1200L or 1200.0 to avoid implicit integers.
7  Use 1200L or 1200.0 to avoid implicit integers.
8    Use 450L or 450.0 to avoid implicit integers.
9  Use 1400L or 1400.0 to avoid implicit integers.
10       Use 1L or 1.0 to avoid implicit integers.
11       Use 0L or 0.0 to avoid implicit integers.
12       Use 1L or 1.0 to avoid implicit integers.
13       Use 0L or 0.0 to avoid implicit integers.
14       Use 1L or 1.0 to avoid implicit integers.
15       Use 0L or 0.0 to avoid implicit integers.
16       Use 0L or 0.0 to avoid implicit integers.
17       Use 0L or 0.0 to avoid implicit integers.
18       Use 1L or 1.0 to avoid implicit integers.
19       Use 2L or 2.0 to avoid implicit integers.
20       Use 1L or 1.0 to avoid implicit integers.
21       Use 2L or 2.0 to avoid implicit integers.
22       Use 2L or 2.0 to avoid implicit integers.
23       Use 2L or 2.0 to avoid implicit integers.
24       Use 1L or 1.0 to avoid implicit integers.
25       Use 1L or 1.0 to avoid implicit integers.
26       Use 0L or 0.0 to avoid implicit integers.
27     Use 20L or 20.0 to avoid implicit integers.
28       Use 0L or 0.0 to avoid implicit integers.
29     Use 15L or 15.0 to avoid implicit integers.
30     Use 10L or 10.0 to avoid implicit integers.
31     Use 30L or 30.0 to avoid implicit integers.
32       Use 4L or 4.0 to avoid implicit integers.
33       Use 0L or 0.0 to avoid implicit integers.
34   Use 100L or 100.0 to avoid implicit integers.
35       Use 4L or 4.0 to avoid implicit integers.
36       Use 5L or 5.0 to avoid implicit integers.
37       Use 0L or 0.0 to avoid implicit integers.
38       Use 0L or 0.0 to avoid implicit integers.
39     Use 10L or 10.0 to avoid implicit integers.
40     Use 30L or 30.0 to avoid implicit integers.
41       Use 0L or 0.0 to avoid implicit integers.
42       Use 0L or 0.0 to avoid implicit integers.
43       Use 2L or 2.0 to avoid implicit integers.
44       Use 0L or 0.0 to avoid implicit integers.
45       Use 2L or 2.0 to avoid implicit integers.
46       Use 0L or 0.0 to avoid implicit integers.
47     Use 20L or 20.0 to avoid implicit integers.
48     Use 10L or 10.0 to avoid implicit integers.
49     Use 12L or 12.0 to avoid implicit integers.
50       Use 0L or 0.0 to avoid implicit integers.
51       Use 1L or 1.0 to avoid implicit integers.
52       Use 2L or 2.0 to avoid implicit integers.
53       Use 3L or 3.0 to avoid implicit integers.
54       Use 1L or 1.0 to avoid implicit integers.
55       Use 1L or 1.0 to avoid implicit integers.
56     Use 42L or 42.0 to avoid implicit integers.
57       Use 2L or 2.0 to avoid implicit integers.
58       Use 0L or 0.0 to avoid implicit integers.
59       Use 0L or 0.0 to avoid implicit integers.
60       Use 2L or 2.0 to avoid implicit integers.
61       Use 2L or 2.0 to avoid implicit integers.
62       Use 1L or 1.0 to avoid implicit integers.
63       Use 0L or 0.0 to avoid implicit integers.
64       Use 0L or 0.0 to avoid implicit integers.
65       Use 2L or 2.0 to avoid implicit integers.
                                                                     filename
1  /Users/serdarbalci/Documents/GitHub/ClinicoPathJamoviModule/R/hullplot.b.R
2  /Users/serdarbalci/Documents/GitHub/ClinicoPathJamoviModule/R/hullplot.b.R
3  /Users/serdarbalci/Documents/GitHub/ClinicoPathJamoviModule/R/hullplot.b.R
4  /Users/serdarbalci/Documents/GitHub/ClinicoPathJamoviModule/R/hullplot.b.R
5  /Users/serdarbalci/Documents/GitHub/ClinicoPathJamoviModule/R/hullplot.b.R
6  /Users/serdarbalci/Documents/GitHub/ClinicoPathJamoviModule/R/hullplot.b.R
7  /Users/serdarbalci/Documents/GitHub/ClinicoPathJamoviModule/R/hullplot.b.R
8  /Users/serdarbalci/Documents/GitHub/ClinicoPathJamoviModule/R/hullplot.b.R
9  /Users/serdarbalci/Documents/GitHub/ClinicoPathJamoviModule/R/hullplot.b.R
10 /Users/serdarbalci/Documents/GitHub/ClinicoPathJamoviModule/R/hullplot.b.R
11 /Users/serdarbalci/Documents/GitHub/ClinicoPathJamoviModule/R/hullplot.b.R
12 /Users/serdarbalci/Documents/GitHub/ClinicoPathJamoviModule/R/hullplot.b.R
13 /Users/serdarbalci/Documents/GitHub/ClinicoPathJamoviModule/R/hullplot.b.R
14 /Users/serdarbalci/Documents/GitHub/ClinicoPathJamoviModule/R/hullplot.b.R
15 /Users/serdarbalci/Documents/GitHub/ClinicoPathJamoviModule/R/hullplot.b.R
16 /Users/serdarbalci/Documents/GitHub/ClinicoPathJamoviModule/R/hullplot.b.R
17 /Users/serdarbalci/Documents/GitHub/ClinicoPathJamoviModule/R/hullplot.b.R
18 /Users/serdarbalci/Documents/GitHub/ClinicoPathJamoviModule/R/hullplot.b.R
19 /Users/serdarbalci/Documents/GitHub/ClinicoPathJamoviModule/R/hullplot.b.R
20 /Users/serdarbalci/Documents/GitHub/ClinicoPathJamoviModule/R/hullplot.b.R
21 /Users/serdarbalci/Documents/GitHub/ClinicoPathJamoviModule/R/hullplot.b.R
22 /Users/serdarbalci/Documents/GitHub/ClinicoPathJamoviModule/R/hullplot.b.R
23 /Users/serdarbalci/Documents/GitHub/ClinicoPathJamoviModule/R/hullplot.b.R
24 /Users/serdarbalci/Documents/GitHub/ClinicoPathJamoviModule/R/hullplot.b.R
25 /Users/serdarbalci/Documents/GitHub/ClinicoPathJamoviModule/R/hullplot.b.R
26 /Users/serdarbalci/Documents/GitHub/ClinicoPathJamoviModule/R/hullplot.b.R
27 /Users/serdarbalci/Documents/GitHub/ClinicoPathJamoviModule/R/hullplot.b.R
28 /Users/serdarbalci/Documents/GitHub/ClinicoPathJamoviModule/R/hullplot.b.R
29 /Users/serdarbalci/Documents/GitHub/ClinicoPathJamoviModule/R/hullplot.b.R
30 /Users/serdarbalci/Documents/GitHub/ClinicoPathJamoviModule/R/hullplot.b.R
31 /Users/serdarbalci/Documents/GitHub/ClinicoPathJamoviModule/R/hullplot.b.R
32 /Users/serdarbalci/Documents/GitHub/ClinicoPathJamoviModule/R/hullplot.b.R
33 /Users/serdarbalci/Documents/GitHub/ClinicoPathJamoviModule/R/hullplot.b.R
34 /Users/serdarbalci/Documents/GitHub/ClinicoPathJamoviModule/R/hullplot.b.R
35 /Users/serdarbalci/Documents/GitHub/ClinicoPathJamoviModule/R/hullplot.b.R
36 /Users/serdarbalci/Documents/GitHub/ClinicoPathJamoviModule/R/hullplot.b.R
37 /Users/serdarbalci/Documents/GitHub/ClinicoPathJamoviModule/R/hullplot.b.R
38 /Users/serdarbalci/Documents/GitHub/ClinicoPathJamoviModule/R/hullplot.b.R
39 /Users/serdarbalci/Documents/GitHub/ClinicoPathJamoviModule/R/hullplot.b.R
40 /Users/serdarbalci/Documents/GitHub/ClinicoPathJamoviModule/R/hullplot.b.R
41 /Users/serdarbalci/Documents/GitHub/ClinicoPathJamoviModule/R/hullplot.b.R
   line_number                  linter
1           26 implicit_integer_linter
2           30 implicit_integer_linter
3           43 implicit_integer_linter
4           60 implicit_integer_linter
5           96 implicit_integer_linter
6          111 implicit_integer_linter
7          182 implicit_integer_linter
8          200 implicit_integer_linter
9          209 implicit_integer_linter
10         213 implicit_integer_linter
11         213 implicit_integer_linter
12         214 implicit_integer_linter
13         220 implicit_integer_linter
14         227 implicit_integer_linter
15         429 implicit_integer_linter
16         592 implicit_integer_linter
17         593 implicit_integer_linter
18         593 implicit_integer_linter
19         595 implicit_integer_linter
20         616 implicit_integer_linter
21         617 implicit_integer_linter
22         618 implicit_integer_linter
23         630 implicit_integer_linter
24         631 implicit_integer_linter
25         632 implicit_integer_linter
26         633 implicit_integer_linter
27         651 implicit_integer_linter
28         651 implicit_integer_linter
29         678 implicit_integer_linter
30         711 implicit_integer_linter
31         743 implicit_integer_linter
32         762 implicit_integer_linter
33         808 implicit_integer_linter
34         818 implicit_integer_linter
35         820 implicit_integer_linter
36         829 implicit_integer_linter
37         844 implicit_integer_linter
38         862 implicit_integer_linter
39         890 implicit_integer_linter
40         890 implicit_integer_linter
41         904 implicit_integer_linter
                                         message
1      Use 0L or 0.0 to avoid implicit integers.
2      Use 0L or 0.0 to avoid implicit integers.
3      Use 0L or 0.0 to avoid implicit integers.
4      Use 1L or 1.0 to avoid implicit integers.
5      Use 0L or 0.0 to avoid implicit integers.
6      Use 0L or 0.0 to avoid implicit integers.
7      Use 0L or 0.0 to avoid implicit integers.
8      Use 3L or 3.0 to avoid implicit integers.
9      Use 0L or 0.0 to avoid implicit integers.
10 Use 100L or 100.0 to avoid implicit integers.
11     Use 1L or 1.0 to avoid implicit integers.
12     Use 0L or 0.0 to avoid implicit integers.
13     Use 0L or 0.0 to avoid implicit integers.
14   Use 10L or 10.0 to avoid implicit integers.
15     Use 3L or 3.0 to avoid implicit integers.
16     Use 8L or 8.0 to avoid implicit integers.
17     Use 3L or 3.0 to avoid implicit integers.
18     Use 8L or 8.0 to avoid implicit integers.
19     Use 8L or 8.0 to avoid implicit integers.
20   Use 14L or 14.0 to avoid implicit integers.
21   Use 12L or 12.0 to avoid implicit integers.
22   Use 11L or 11.0 to avoid implicit integers.
23     Use 2L or 2.0 to avoid implicit integers.
24     Use 2L or 2.0 to avoid implicit integers.
25     Use 2L or 2.0 to avoid implicit integers.
26     Use 2L or 2.0 to avoid implicit integers.
27     Use 2L or 2.0 to avoid implicit integers.
28     Use 0L or 0.0 to avoid implicit integers.
29     Use 5L or 5.0 to avoid implicit integers.
30     Use 0L or 0.0 to avoid implicit integers.
31     Use 0L or 0.0 to avoid implicit integers.
32     Use 1L or 1.0 to avoid implicit integers.
33     Use 2L or 2.0 to avoid implicit integers.
34     Use 0L or 0.0 to avoid implicit integers.
35     Use 2L or 2.0 to avoid implicit integers.
36     Use 3L or 3.0 to avoid implicit integers.
37     Use 2L or 2.0 to avoid implicit integers.
38     Use 2L or 2.0 to avoid implicit integers.
39 Use 100L or 100.0 to avoid implicit integers.
40     Use 1L or 1.0 to avoid implicit integers.
41     Use 2L or 2.0 to avoid implicit integers.
                                                                       filename
1  /Users/serdarbalci/Documents/GitHub/ClinicoPathJamoviModule/R/jjdotchart.b.R
2  /Users/serdarbalci/Documents/GitHub/ClinicoPathJamoviModule/R/jjdotchart.b.R
3  /Users/serdarbalci/Documents/GitHub/ClinicoPathJamoviModule/R/jjdotchart.b.R
4  /Users/serdarbalci/Documents/GitHub/ClinicoPathJamoviModule/R/jjdotchart.b.R
5  /Users/serdarbalci/Documents/GitHub/ClinicoPathJamoviModule/R/jjdotchart.b.R
6  /Users/serdarbalci/Documents/GitHub/ClinicoPathJamoviModule/R/jjdotchart.b.R
7  /Users/serdarbalci/Documents/GitHub/ClinicoPathJamoviModule/R/jjdotchart.b.R
8  /Users/serdarbalci/Documents/GitHub/ClinicoPathJamoviModule/R/jjdotchart.b.R
9  /Users/serdarbalci/Documents/GitHub/ClinicoPathJamoviModule/R/jjdotchart.b.R
10 /Users/serdarbalci/Documents/GitHub/ClinicoPathJamoviModule/R/jjdotchart.b.R
11 /Users/serdarbalci/Documents/GitHub/ClinicoPathJamoviModule/R/jjdotchart.b.R
12 /Users/serdarbalci/Documents/GitHub/ClinicoPathJamoviModule/R/jjdotchart.b.R
13 /Users/serdarbalci/Documents/GitHub/ClinicoPathJamoviModule/R/jjdotchart.b.R
14 /Users/serdarbalci/Documents/GitHub/ClinicoPathJamoviModule/R/jjdotchart.b.R
15 /Users/serdarbalci/Documents/GitHub/ClinicoPathJamoviModule/R/jjdotchart.b.R
16 /Users/serdarbalci/Documents/GitHub/ClinicoPathJamoviModule/R/jjdotchart.b.R
17 /Users/serdarbalci/Documents/GitHub/ClinicoPathJamoviModule/R/jjdotchart.b.R
18 /Users/serdarbalci/Documents/GitHub/ClinicoPathJamoviModule/R/jjdotchart.b.R
19 /Users/serdarbalci/Documents/GitHub/ClinicoPathJamoviModule/R/jjdotchart.b.R
20 /Users/serdarbalci/Documents/GitHub/ClinicoPathJamoviModule/R/jjdotchart.b.R
21 /Users/serdarbalci/Documents/GitHub/ClinicoPathJamoviModule/R/jjdotchart.b.R
22 /Users/serdarbalci/Documents/GitHub/ClinicoPathJamoviModule/R/jjdotchart.b.R
23 /Users/serdarbalci/Documents/GitHub/ClinicoPathJamoviModule/R/jjdotchart.b.R
24 /Users/serdarbalci/Documents/GitHub/ClinicoPathJamoviModule/R/jjdotchart.b.R
25 /Users/serdarbalci/Documents/GitHub/ClinicoPathJamoviModule/R/jjdotchart.b.R
26 /Users/serdarbalci/Documents/GitHub/ClinicoPathJamoviModule/R/jjdotchart.b.R
27 /Users/serdarbalci/Documents/GitHub/ClinicoPathJamoviModule/R/jjdotchart.b.R
   line_number                  linter
1          115 implicit_integer_linter
2          145 implicit_integer_linter
3          157 implicit_integer_linter
4          164 implicit_integer_linter
5          192 implicit_integer_linter
6          204 implicit_integer_linter
7          215 implicit_integer_linter
8          219 implicit_integer_linter
9          227 implicit_integer_linter
10         239 implicit_integer_linter
11         247 implicit_integer_linter
12         247 implicit_integer_linter
13         249 implicit_integer_linter
14         249 implicit_integer_linter
15         253 implicit_integer_linter
16         253 implicit_integer_linter
17         253 implicit_integer_linter
18         253 implicit_integer_linter
19         263 implicit_integer_linter
20         264 implicit_integer_linter
21         292 implicit_integer_linter
22         299 implicit_integer_linter
23         325 implicit_integer_linter
24         377 implicit_integer_linter
25         377 implicit_integer_linter
26         377 implicit_integer_linter
27         378 implicit_integer_linter
                                         message
1      Use 0L or 0.0 to avoid implicit integers.
2      Use 0L or 0.0 to avoid implicit integers.
3      Use 0L or 0.0 to avoid implicit integers.
4      Use 1L or 1.0 to avoid implicit integers.
5      Use 2L or 2.0 to avoid implicit integers.
6      Use 0L or 0.0 to avoid implicit integers.
7      Use 0L or 0.0 to avoid implicit integers.
8      Use 0L or 0.0 to avoid implicit integers.
9      Use 2L or 2.0 to avoid implicit integers.
10     Use 4L or 4.0 to avoid implicit integers.
11     Use 1L or 1.0 to avoid implicit integers.
12     Use 2L or 2.0 to avoid implicit integers.
13     Use 0L or 0.0 to avoid implicit integers.
14     Use 3L or 3.0 to avoid implicit integers.
15     Use 1L or 1.0 to avoid implicit integers.
16     Use 4L or 4.0 to avoid implicit integers.
17     Use 2L or 2.0 to avoid implicit integers.
18     Use 4L or 4.0 to avoid implicit integers.
19 Use 650L or 650.0 to avoid implicit integers.
20 Use 450L or 450.0 to avoid implicit integers.
21     Use 0L or 0.0 to avoid implicit integers.
22     Use 0L or 0.0 to avoid implicit integers.
23 Use 100L or 100.0 to avoid implicit integers.
24     Use 0L or 0.0 to avoid implicit integers.
25     Use 0L or 0.0 to avoid implicit integers.
26     Use 4L or 4.0 to avoid implicit integers.
27   Use 60L or 60.0 to avoid implicit integers.
PARSE_OK 19 backends and 57 YAML files
